公司简称,工商全称,统一信用代码,官网,一句话简介,公司简介,行业,子行业,省,市,成立时间,运营状态,员工人数,地址,电话,邮箱,团队姓名,职位,融资次数,融资总额(万人民币)
2345,上海二三四五网络科技有限公司,,http://2345.net/,IT及金融科技服务提供商,2345是一家IT及金融科技服务提供商，致力于网络科技、金融科技、星球联盟业务，旗下拥有2345王牌输入法、2345看图王、2345浏览器、2345车贷王等产品。,企业服务,企业IT服务,上海,徐汇区,2005-01,运营中,,上海市张江高科技园区环科路555弄2号楼,,,,,,
荣志集团,荣志集团控股有限公司,,,保安系统及服务提供商,荣志集团是一家保安系统及服务提供商，主要在香港从事提供保安相关工程服务，其次是提供保安护卫及安检服务以及相关职业培训服务。公司的服务所涉及的保安系统可大致上分为威胁侦测系统、交通及行人管制系统及特低压系统。,企业服务,企业安全,香港,中西区,2021-03,运营中,405.0,,,,,,,
君逸数码,四川君逸数码科技股份有限公司,91510100737730294R,http://www.joyoudigital.com/,智慧城市综合解决方案提供商,君逸数码是一家专业的智慧城市综合解决方案提供商，主营业务是为智慧城市领域客户提供系统集成服务、运维服务和自研产品销售等产品和服务。公司主要采用物联网、云计算、大数据、人工智能、BIM等新一代信息应用技术，为客户提供集“应用软件定制开发”和“智能化、信息化系统集成服务”为一体的智慧城市行业综合解决方案，业务环节涵盖智慧城市项目的技术咨询、方案设计、软硬件的开发、系统集成、项目实施和运营维护等。,企业服务,综合企业服务,四川,成都,2002-05,运营中,,成都高新区天府三街288号1号楼13层2-7号,028- 6313-8188,,,,,
西高院,西安高压电器研究院股份有限公司,91610131294242207P,http://www.xihari.com/,电气领域检测服务商,西高院主要从事电气领域检测、计量、认证及技术咨询服务业务，开展相关技术研究、标准制修订及行业管理和服务工作。,企业服务,科研和社会服务,陕西,西安,2001-10,运营中,,国陕西省西安市西二环北段18号,029-8422-5570,lab@xihari.com,,,,
安邦护卫,安邦护卫集团股份有限公司,91330000785683832W,https://www.zjabhw.com/,金融武装押运公司,安邦护卫是一家综合性的安全服务提供商，目前主营业务覆盖金融安全服务、综合安防服务和安全应急服务三个领域，正积极拓展海外安保业务。,企业服务,企业安全,浙江,杭州,2006-02,运营中,,浙江省杭州市西湖区转塘街道枫桦路6号之江财富中心E8楼,057-18688-1179,,吴高峻,董事长,,
世纪恒通,世纪恒通科技股份有限公司,91520115789752508E,http://sjht.com/,手机信息服务及移动增值业务提供商,世纪恒通是一家专业的信息技术服务商，通过自主开发技术平台及搭建服务网络，为金融机构、电信运营商、互联网公司、高速集团等拥有众多个人用户的大型企业客户提供用户增值和拓展服务。,企业服务,企业IT服务,贵州,贵阳,2006-06,运营中,,贵阳市贵阳国家高新技术产业开发区中关村贵阳科技园核心区南园科教街188号,0851-8460-0889,sjhtzqb@126.com,,,,
通达海,南京通达海科技股份有限公司,91320106249663766N,http://www.tdhnet.com.cn/,司法信息化系统建设服务商,通达海是专业从事司法信息系统研发、信息技术服务的高科技公司。为客户提供专业化产品、解决方案和优质服务。服务法院、检察院、纪检监察、司法行政、金融机构、律师等各类客户，拥有以“智慧审判”、“智慧执行”、“智慧诉服”、“智慧管理”为代表的智慧法院整体解决方案和百余项自主软件产品。,企业服务,企业IT服务,江苏,南京,1995-03,运营中,,南京市鼓楼区集慧路16号联创大厦B座20层,025-8655-1940,TDH@tdhnet.com.cn,郑建国,董事长,,
中科创达,中科创达软件股份有限公司,91110000672354637K,http://www.thundersoft.com,智能操作系统产品和技术提供商,中科创达是一家智能操作系统产品和技术提供商。致力于提供卓越的智能操作系统产品、技术及解决方案，立足智能终端操作系统，聚焦人工智能关键技术，助力并加速智能手机、智能物联网、智能网联汽车、智能行业等领域的产品化与技术创新。,企业服务,企业IT服务,北京,海淀区,2008-03,运营中,,,,TIANZY1225@THUNDERSOFT.COM,耿增强,总裁,,
永信至诚,北京永信至诚科技股份有限公司,91110108562135265P,http://www.integritytech.com.cn/,专精于各类信息安全系统、平台及定制化软件,永信至诚是一家专业的网络安全公司。基于核心团队深厚的攻防技术基因，秉承“人是安全的核心”的主导思想，主营产品包括政企网络安全产品、政企网络安全服务及互联网安全业务。公司打造了国内知名的网络安全教育平台，是网安人才培养领军企业；举办了一系列影响力重大的网络安全赛事和演练活动；研制了具备国内领先水平的城市级网络靶场；开创性地研制了高处置态势感知和高甜度春秋云阵蜜罐类产品。公司践行“聚焦优势、合作共生、有信有诺”的价值观，追求实现“带给世界安全感”的愿景使命。,企业服务,企业安全,北京,海淀区,2010-09,运营中,,北京市海淀区丰豪东路9号院6号楼,010-5086-6166,liuxiu@integritytech.com.cn,蔡晶晶,CEO,,
数科集团,数科集团控股有限公司,,http://www.mttgholdings.com/,垂直整合资讯科技解决方案供应商,数科集团是一家垂直整合资讯科技解决方案供应商，主要从事于香港分销资讯科技产品以及于香港、中国及澳门提供系统整合解决方案，其产品及解决方案主要分为数据通讯及系统基建、网络安全及数码转型，其向经销商介绍、营销及分销包括硬件、软件及或配套产品在内种类丰富的资讯科技产品。,企业服务,企业IT服务,香港,九龙城区,2020-09,运营中,,香港九龙观塘巧明街107号国基集团中心8楼,00852-3755-8400,Info@mttgholdings.com,,,,
趣活科技,北京趣活科技有限公司,911101085923799229,http://www.meishisong.cn/,多场景人力资源资产运营解决方平台,趣活科技是一个劳动力运营解决方案平台，可为包括美团、饿了么、滴滴等大型生活服务平台提供灵活用工解决方案、第三方业务管理平台、劳动者技能提升等服务，业务涉及外卖即时配送、网约车司机管理、共享单车运维等多个场景。,企业服务,人力资源,北京,朝阳区,2012-03,运营中,,,,,孙莉莉,联合创始人,,
声网Agora,上海兆言网络科技有限公司,91310110093802968T,http://agora.io/,移动端音视频实时传输的云服务解决方案,声网 Agora.io 是首家为 App 开发者提供全球范围实时音视频通信服务的服务商，在全球部署了超过 200 个数据中心，搭建 SD－RTN™（Software Defined Real Time Network）这个专为「实时」所设计的虚拟通信网，来极大优化全球范围内的实时传输。声网Agora.io 为开发者提供有质量保证 QoE 的实时云服务。,企业服务,企业IT服务,上海,杨浦区,2014-03,运营中,,上海市杨浦区伟成路62号5层,400-632-6626,Sales@agora.io,赵斌,CEO,,
动力源,北京动力源科技股份有限公司,911100001021218238,http://www.dpc.com.cn,科技推广和应用服务商,动力源是一家科技推广和应用服务商，经营范围包括电力电子产品、计算机软件及辅助设备、通信设备、节能工程、新能源汽车、新能源发电工程的技术开发、技术转让、技术咨询、技术服务、技术推广；新能源汽车换电设施的技术开发；光伏设备及元器件、充电桩的技术开发；生产计算机软硬件；销售电力电子产品、计算机软件及辅助设备、仪器仪表、环保设备、新能源汽车及配件产品。,企业服务,其他企业服务,北京,丰台区,1995-01,运营中,,北京市丰台区科技园区星火路8号,010-8368-2266,sqh@dpc.com.cn,何振亚,CEO,,
致远互联,北京致远互联软件股份有限公司,91110108737656338N,http://www.seeyon.com/,协同管理软件及云服务提供商,北京致远协创软件是一家主打协同管理软件的企业服务提供商，目前形成了从私有云到公有云、从互联网到移动互联网、从企业内部协同到外部协同的完整产品线及解决方案。,企业服务,办公OA,北京,海淀区,2002-03,运营中,,北京市海淀区北坞村路甲25号静芯园N座,4007-008-822,security@seeyon.com,徐石,CEO,,
金山云,北京金山云网络技术有限公司,9111010857121431XA,http://www.ksyun.com,云计算服务提供商,金山云2012年从金山软件拆分独立，是一家云计算服务提供商，已推出云服务器、云物理主机、关系型数据库、缓存、表格数据库、对象存储、负载均衡、虚拟私有网络、CDN、托管Hadoop、云安全、云解析等在内的完整云产品，以及适用于游戏、视频、政务、医疗、金融等垂直行业的云服务解决方案。金山云一直进行人工智能的研究和实践工作，推出的覆盖IaaS、Paas、SaaS、行业解决方案四个层面，适用于各行业的多种组合型AI解决方案和服务。,企业服务,企业IT服务,北京,海淀区,2011-03,运营中,,北京市海淀区小营西路33号金山软件大厦,010-6292-7777,ksyundns@kingsoft.com,张宏江,CEO,,
e签宝,杭州天谷信息科技有限公司,913301087458306077,https://www.tsign.cn,第三方电子合同签名平台,e签宝是中国规模最大的在线电子签名平台。从电子签名到文档归档管理，从签名数据存证到司法出证，e签宝提供了一套完整的电子签名生态服务。合作伙伴包括阿里巴巴、百度、海康威视、大华股份、顶新集团等顶级企业。,企业服务,行业信息化及解决方案,浙江,杭州,2002-12,运营中,,杭州市西湖区西斗门路3号 天堂软件园E幢9F,400-087-8198,market@esign.cn,何一兵,CEO,,
品高软件,广州市品高软件股份有限公司,91440101745973157W,http://www.bingocc.com,IT综合服务提供商,品高软件主营业务是以大型应用软件为核心，在云计算、企业门户、工作流、知识管理、项目管理等IT领域提供软件产品研发、高端行业应用项目开发和顾问咨询服务。,企业服务,企业IT服务,广东,广州,2010-01,运营中,,广州市天河区高唐软件产业基地软件路17号G1栋,020-8701-1227,,黄海,CEO,,
旗天科技集团,旗天科技集团股份有限公司,913100006073633775,https://www.qt300061.com/,数字生活营销服务商,旗天科技集团是新一代信息技术下的、拥有自主研发能力的数字科技营销企业，主要服务于银行等持牌金融机构和头部互联网公司，开展面向其海量个人客户的数字科技增值营销业务 。其中数字生活营销业务、银行卡增值营销业务、航旅信息服务业务三大细分业务，交易规模和行业影响力在行业中均居于头部地位。,企业服务,前沿技术,上海,浦东新区,1996-12,运营中,,上海市浦东新区张江丹桂路999号张江国创中心一期C5幢,021-8039-588,office@kq.300061.com;limy@qt300061.com,,,,
智微智能,深圳市智微智能科技股份有限公司,91440300582702079P,http://www.jwipc.com,物联网核心解决方案商,智微智能是一家物联网核心解决方案商，主营产品包括：主板、一体机、OPS模块录播系统、云终端、播放终端、手持支付设备、多功能支付终端、工业主板、工业BOX、工业平板、网安平台和服务器等。,企业服务,行业信息化及解决方案,广东,深圳,2011-09,运营中,,深圳市福田区车公庙泰然九路海松大厦B-1303,0755-2398-1887,zenglj@jwele.com.cn,,,,
麒麟信安,湖南麒麟信安科技股份有限公司,914301003385143085,http://www.kylinsec.com.cn,信息安全解决方案提供商,麒麟信安是一家信息安全解决方案提供商，旗下拥有操作系统、信息安全和云计算三条自主研发产品线，主营业务包括麒麟操作系统、电子信息集中管控系统、网络安全存储系统、云桌面一体机等内容。,企业服务,企业安全,湖南,长沙,2015-04,运营中,,长沙高新开发区麒云路20号麒麟科技园1栋4楼,073-18877-7708,,,,,
易点云,北京易点淘网络技术有限公司,911101083180629225,https://www.edianzu.com,企业IT租赁服务与管理平台,易点云品牌属于北京易点淘网络技术有限公司，该公司是国内更受欢迎的企业IT租赁服务与管理平台，在行业领域内不断创新与突破，为企业提供企业IT设备租赁、企业IT运维、固定资产管理系统、设备回收，实现了企业IT服务的基础覆盖。易点云是企业IT租赁服务行业更受欢迎的品牌。用创新思维与优质的服务，改变了传统的企业设备购买模式，开启了中国企业IT租赁服务新时代。先后创造性的推出了一系列的服务，包括免押金、全程保修、全新电脑随用随还、重点城市2小时快速上门等。,企业服务,企业IT服务,北京,海淀区,2014-10,运营中,,北京市海淀区安宁庄南路易点租大厦,400-886-9528,bd@edianzu.com,纪鹏程,CEO,,
鸥玛软件,山东山大鸥玛软件股份有限公司,91370000772057998D,http://www.oumasoft.com/,软件和信息技术服务公司,"鸥玛软件是一家的高科技软件企业。以山东省软件工程技术中心、山东省图像采集与软件工程技术研究中心为平台，进行主要考试与测评领域信息化产品的研究、开发、销售及服务。
",企业服务,企业IT服务,山东,济南,2005-02,运营中,,山东省济南市高新区伯乐路128号,053-16668-0735,info@oumasoft.com,,,,
猎聘网,万仕道（北京）管理咨询股份有限公司,91110105793416662C,http://www.liepin.com,高端人才社区化招聘网站,猎聘网是一个高端人才社区化招聘网站，实现企业、猎头和职业经理人三方互动的职业发展平台，以经理人个人用户体验为核心，为求职者提供高薪职位、精准推荐等服务，为企业提供职位发布、品牌曝光、猎头沟通等服务。,企业服务,人力资源,北京,朝阳区,2006-10,运营中,,北京市朝阳区八里庄北里220号中远物流大厦配楼3层,400-6838-789,,戴科彬,CEO,,
人瑞人才,上海人瑞网络科技有限公司,913101080558962113,http://www.renruihr.com/index,人力资源综合服务提供商,人瑞集团是一家人力资源综合服务提供商，集人才外包、业务外包、招聘外包和企业内训等业务于一体，基于大数据运营的互联网招聘模式，帮助企业完成高效的招聘，此外还提供员工关系和福利管理、员工绩效管理和呼叫中心业务外包。,企业服务,人力资源,上海,静安区,2012-10,运营中,,上海市静安区恒丰路200号泰禾大厦7、8楼,021-8029-6600,qiuyangchenzi@renruihr.com,,,,
金蝶软件,金蝶软件（中国）有限公司,914403006188392540,http://www.kingdee.com,企业云服务ERP解决方案提供商,金蝶软件是一个企业云服务ERP解决方案提供商，注于提供标准、安全、高效、可控的云平台和中间件产品及专业服务。,企业服务,企业IT服务,广东,深圳,1993-06,运营中,,,,,陈武强,CEO,,
极光,深圳市和讯华谷信息技术有限公司,914403005977642993,https://www.jiguang.cn,实时大数据综合服务商,极光是中国领先的移动大数据服务商。公司自2011年成立以来专注于为app开发者提供稳定高效的消息推送、统计分析、即时通讯和短信等开发者服务，业务包括极光开发者服务、极光效果通和极光数据服务三大体系。,企业服务,数据服务,广东,深圳,2012-09,运营中,,深圳市南山区智恒产业园7栋5楼;南山区南头关口二路智恒战略性新兴产业园7栋501,400-612-5955;0755-83881462 ,sales@jiguang.cn;sall@jpush.cn,王小导,CEO,,
立方控股,杭州立方控股股份有限公司,91330100721062535Y,http://www.reformer.com.cn,智慧物联解决方案提供商和运营商,立方控股是一家智慧物联解决方案提供商和运营商。依据AIOT技术，提供智慧停车、门禁通道及安全应急的设备系统和运营服务，及其全套解决方案。为城市治理、企业管理、个人生活创造价值。,企业服务,行业信息化及解决方案,浙江,杭州,2000-04,运营中,,浙江省杭州市西湖区西斗门路3号天堂软件园D幢11楼A座,,,周林健,CEO,,
世纪互联,北京世纪互联宽带数据中心有限公司,9111010578615131XD,http://www.ch.21vianet.com,第三方的互联网基础设施服务提供商,世纪互联是全球具有重要影响力的网络空间基础设施服务提供商之一，也是中国领先的第三方中立数据中心运营商之一。世纪互联致力于提供业界领先的数据中心服务、中立的云运营及中立的混合IT服务，打造具有核心技术、超大规模运营能力、高附加值的网络空间基础设施运营平台。,企业服务,云服务,北京,朝阳区,2006-03,运营中,,北京市朝阳区酒仙桥东路10号,010-8456-2121,marketing@21vianet.com,,,,
榕基软件,福建榕基软件股份有限公司,913500006285075795,http://www.rongji.com,行业应用软件开发服务提供商,榕基软件是一家行业应用软件开发服务提供商，专注于电子政务、质检三点工程、协同管理、信息安全、应用中间件等领域产品的研发，为用户提供榕基政务信息化系统、榕基电子单证易查系统、榕基电子缴费系统等产品，同时旗下还拥有“榕基服务超市”，用户可在平台买到相关的软件。,企业服务,开发者服务,福建,福州,1993-10,运营中,,福州市鼓楼区铜盘路福州软件园产业基地,0591-8786-0988,luweiyi@rongji.com,,,,
莱斯信息,南京莱斯信息技术股份有限公司,913201001348786874,,民用指挥信息系统整体解决方案提供商,莱斯信息是民用指挥信息系统整体解决方案提供商，主要提供以指挥控制技术为核心的指挥信息系统整体解决方案和系列产品。目前已形成面向民航空中交通管理、城市道路交通管理、城市治理三大行业，提供空管自动化系统、空管场面管理系统、机场机坪塔台管制自动化系统、空管模拟机系统、空管流量管理系统、交通信号控制系统与设备、城市综合指挥平台、公共信用信息服务平台及人防应急指挥信息系统等核心产品的业务格局。,企业服务,企业IT服务,江苏,南京,1988-07,运营中,,南京市秦淮区永智路8号,025-8228-5905,les@les.cn,,,,
工大高科,合肥工大高科信息科技股份有限公司,91340100726317672P,http://www.gocom.cn,工程安全监控产品研发商,工大高科是一家专业从事具有物联网技术架构特征的矿井移动目标安全监控、铁路信号控制与智能调度产品研发、生产的企业服务提供商。,企业服务,行业信息化及解决方案,安徽,合肥,2000-12,运营中,,安徽省合肥市合肥国家高新技术产业开发区天智路27号,0551-65256623,gocom@gocom.cn,魏臻,创始人,,
Boss直聘,北京华业基石网络技术有限公司,91110105059255438G,http://www.bosszhipin.com,BOSS与牛人直接开聊的招聘工具,BOSS直聘是一款BOSS与牛人直接开聊的招聘工具，通过去除中间环节、简历+行为数据匹配等方式提升招聘找工作效率，让牛人更快获得更多优质机会。平台覆盖主流互联网公司、金融、文化传媒、汽车房地产等行业。北京华业基石网络技术有限公司（看准网）旗下产品。,企业服务,人力资源,北京,朝阳区,2012-12,运营中,,北京市朝阳区太阳宫中路8号冠捷大厦302,010-8415-0633,liuna@kanzhun.com,赵鹏,CEO,,
普联软件,普联软件股份有限公司,913701007317289784,http://www.pansoft.com/,企业管理信息化方案及IT综合服务提供商,普联软件是大型企业管理信息化方案及IT综合服务提供商，主要面向石油、化工、建筑、地产、电力、矿产、装备制造、银行、保险、政府事业等行业客户，广泛从事生产、经营、财务、资金、内控、监管、人力资源等领域的信息化服务，提供信息系统的方案设计、软件开发、系统实施及技术支持。,企业服务,行业信息化及解决方案,山东,济南,2001-09,运营中,,济南市高新区齐鲁软件园B座,0531-8887-2656,,,,,
北森,北京北森云计算股份有限公司,91110108775491714G,http://www.beisen.com,一体化人才管理云平台供应商,北森是一家人力资源科技公司，拥有国内领先的一体化HR SaaS及人才管理平台——iTalentX， 为客户提供云端HR软件、人才管理技术和平台的端到端整体解决方案。,企业服务,人力资源,北京,海淀区,2002-01,运营中,,北京市海淀区上地东路35号颐泉汇7层,400-650-6878,marketing@beisen.com,王朝晖,董事长,,
亚信安全,亚信安全科技股份有限公司,91510100732356360H,http://www.asiainfo-sec.com/,网络安全软件提供商,亚信安全是中国网络安全软件领域的领跑者，作为“懂网、懂云”的安全公司，致力于护航产业互联网，成为在5G云网时代，守护云、网、边、端的安全智能平台企业。,企业服务,企业安全,江苏,南京,2014-11,运营中,,南京市雨花台区花神大道98号东久创新中心1号楼1-4F,181-6810-7202,191953759@qq.com,,,,
金山办公,北京金山办公软件股份有限公司,91110108587665983J,http://www.wps.cn/,办公软件工具,金山办公(688111.SH )，是全球领先的办公软件和服务提供商，主要从事 WPS Office 办公软件产品及服务的设计研发及销售推⼴。著名产品包括 WPS Office 办公软件、⾦⼭⽂档等协同办公产品、⾦⼭词霸等，可在 Windows、Linux、macOS、Android、iOS 等众多主流操作平台上应⽤。,企业服务,办公OA,北京,海淀区,1988-06,运营中,,北京市海淀区小营西路33号二层商业办公C区,4006-775-005,zhangbo1@kingsoft.com,章庆元,金山办公CEO,,
线上线下,无锡线上线下通讯信息技术股份有限公司,913202110535042298,http://www.wxxsxx.cn/,移动互联网运营支撑服务商,线上线下是一家具有丰富行业经验的移动信息服务提供商。“线上线下”依托于体系化的服务流程、自主研发的业务平台，通过对电信运营商的通信资源的整合，秉承“技术驱动服务、深耕行业客户、连接创造价值”的企业文化理念，致力于为客户提供安全、有效、及时的移动信息服务。,企业服务,企业IT服务,江苏,无锡,2012-09,运营中,,无锡市高浪东路999号-8-C1-701,0510-6888-0518,wangxj@wxxsxx.co,,,,
光环新网,北京光环新网科技股份有限公司,91110000700006921H,http://www.sinnet.com.cn,一家互联网基础设施综合服务提供商,光环新网是一家互联网基础设施综合服务提供商，主营业务为向客户提供互联网宽带接入服务（ISP）、互联网数据中心服务（IDC、CDN及其增值服务）以及其他互联网综合服务。,企业服务,企业IT服务,北京,东城区,1999-01,运营中,,,,,,,,
亚康万玮,北京亚康万玮信息技术股份有限公司,91110108663124944W,,IT服务企业,亚康万玮是一家集系统集成、 IT服务于一体的高速成长的IT企业。主要面向企业提供IT的基础产品和基于IT产品的专业化服务及系统解决方案，并与多家国际知名IT厂商有着密切的合作。,企业服务,企业IT服务,北京,海淀区,2007-06,运营中,,北京市海淀区丹棱街18号805室,010-5883-4060,qxu@asiacom.net.cn,,,,
文思海辉,文思海辉技术有限公司,9111010876420170XR,http://www.pactera.com/,中国最大的软件外包公司,文思海辉是一家软件开发外包公司，覆盖了从战略、设计、开发、测试到维护的整个IT价值链。,企业服务,企业IT服务,北京,海淀区,2004-07,运营中,,北京市海淀区西小口路66号东升科技园C区4号楼502室,+86-400-822-8372,info@pactera.com,陈淑宁,董事长,,
鸿冠信息,上海鸿冠信息科技股份有限公司,91310000792763857Q,http://www.hongguaninfo.com,IT综合服务提供商,鸿冠信息是一家IT综合服务提供商，是上海市软件企业、高新技术企业，提供计算机软件开发实施、IT信息技术咨询服务、高端的企业与商业信息化解决方案服务。,企业服务,企业IT服务,上海,黄浦区,2006-09,运营中,,上海市黄浦区汉口路300号解放日报大厦10楼,021-5240-1298,hr@hongguaninfo.com;hejian@hongguaninfo.com,,,,
山石网科,山石网科通信技术股份有限公司,91320505578177101Y,http://www.hillstonenet.com.cn/,网络安全解决方案提供商,山石网科是一家网络安全解决方案提供商，业务涵盖云计算安全、边界安全、内网安全、数据安全、智能分析管理等领域，产品“智能防火墙”基于自主研发的安全操作系统StoneOS，用智能关联分析方法实现基于信誉的安全管理控制。,企业服务,企业安全,北京,海淀区,2007-02,运营中,,北京市海淀区宝盛南路1号院20号楼5层,400-828-6655,marketing@hillstonenet.com,罗东平,CEO,,
威士顿,上海威士顿信息技术股份有限公司,9131000070326044X6,http://www.wsdinfo.com/,企业信息系统解决方案提供商,上海威士顿信息技术股份有限公司成立于2001年，是专注于智能制造和大数据领域的整体信息化解决方案供应商。公司的主营业务是向客户提供企业信息系统解决方案的咨询、设计、开发、实施、运维等各类信息化产品和服务。,企业服务,行业信息化及解决方案,上海,长宁区,2001-05,运营中,,上海市长宁区长宁路999号643室,,mkt@wsdinfo.com,,,,
英方软件,上海英方软件股份有限公司,91310000580604539W,http://www.i2yun.com/,专注于数据复制和灾备服务,英方软件是一家专注于数据复制的基础软件企业，致力于动态文件复制、数据库复制等核心技术的研发与应用，拥有国内唯一的字节级复制技术，产品广泛应用于灾备、数据保护、云数据管理等领域，帮助各类用户打破数据孤岛，实现数据互联互通，为数字经济的发展保驾护航。英方云（i2yun.com）是英方旗下企业业务连续性云服务平台，基于互联网为用户提供迁移、灾备和高可用等服务。,企业服务,企业IT服务,上海,闵行区,2011-08,运营中,,上海市浦锦路2049弄万科VMO花园广场38幢6楼615室,400-6178-601,info@info2soft.com,胡军擎,董事长,,
杰创智能,杰创智能科技股份有限公司,91440101683276435R,http://www.nexwise.cn/,智能化解决方案提供商,杰创智能是一家智能化解决方案提供商，致力于智能安全、模式识别、云计算、智能系统应用，提供智能管理系统、公共安全智能系统，同时提供智能系统基础设施建设解决方案，覆盖公共安全、智慧监管、智慧园区、智慧校园、智慧交通等多个领域。,企业服务,行业信息化及解决方案,广东,广州,2008-12,运营中,,广东省广州市高新技术产业开发区科学大道162号B3栋,020-8398-2000,xuxl@nexwise.com.cn,,,,
新世纪电子,杭州新世纪电子科技有限公司,91330108757207935F,http://www.nci.com.cn/nportal/portal/,端到端及信息化解决方案提供商,新世纪电子是一家端到端及信息化解决方案提供商，主要面向电力、烟草等行业用户提供应用软件开发、系统集成及技术服务，旗下拥有电网设备资源管控、电力生产管理、地理信息管理GIS等产品。,企业服务,行业信息化及解决方案,浙江,杭州,2003-12,运营中,,杭州市滨江区浦沿街道南环路3766号,,,,,,
优客工场,优客工场（北京）创业投资有限公司,91110113335534135Y,http://www.urwork.cn/,主打创业的共享办公空间,优客工场是一个创业联合办公社区及创业服务平台，以联合办公空间为核心，为创新企业提供全产业链服务，建设基于社群的商业社交平台和资源配置平台，形成了联合办公空间、FA平台、人力资源、体育旅游、金融服务、创业教育等业态的完整闭环。,企业服务,创业服务,北京,朝阳区,2015-04,运营中,,北京市朝阳区光华路2号阳光100D座,400-1188-891,us@urwork.cn,毛大庆,CEO,,
声迅股份,北京声迅电子股份有限公司,911101081011420915,http://www.telesound.com.cn/,安防整体解决方案和运营服务提供商,声迅股份是一家以智能技术和物联网平台为核心的安防整体解决方案和运营服务提供商。自成立以来一直专注于安防行业，逐步聚焦于AIoT技术（即AI+IoT，人工智能和物联网平台）在监控报警及安全检查等领域的应用，为金融、轨道交通、城市公共安全的行业用户提供智能化、信息化、行业化的安防整体解决方案和安防运营服务。,企业服务,企业安全,北京,海淀区,1994-01,运营中,,北京市海淀区永丰高新技术产业基地丰贤中路7号孵化楼四层,010-6298-8833,zongcaiban@telesound.com.cn,谭政,董事长兼总经理,,
长和,综合型服务提供商,,https://www.ckh.com.hk/en/global/home.php,综合型服务提供商,长江和记实业有限公司(「长和」)为长和集团的旗舰。长和集团是一家建基香港的跨国企业，业务遍及全球超过五十个国家，雇员人数超过二十九万名。长和集团在香港的成员包括三家同为恒生指数成份股的上市公司：长和(股份代号: 0001)、和记黄埔有限公司 (股份代号: 0013)及电能实业有限公司 (前称香港电灯集团有限公司)(股份代号: 0006)；在香港联合交易所主板上市的长江基建集团有限公司 (股份代号: 1038)、长江生命科技集团有限公司 (股份代号: 0775)、和记电讯香港控股有限公司 (股份代号: 0215)及TOM集团有限公司 (股份代号: 2383)等。截至二零一五年三月三十一日，长和集团旗下在香港上市之公司的总市值约为一万一千九百七十亿港元。,企业服务,综合企业服务,香港,中西区,2014-12,运营中,,香港皇后大道中2号长江集团中心48楼,,,,,,
苏交科,苏交科集团股份有限公司,91320000741339087U,,基础设施领域综合解决方案供应商,苏交科是一家基础设施领域综合解决方案供应商，业务涉及公路、市政、水运、铁路、航空、水利、建筑等行业，可以提供包括投融资、项目投资分析、规划咨询、勘察设计、施工监理、工程检测、项目管理、运营养护、新材料研发等全产业链服务。,企业服务,行业信息化及解决方案,江苏,南京,2002-08,运营中,,江苏省南京市建邺区富春江东街8号,025—8657-6555,,,,,
华宇软件,北京华宇软件股份有限公司,91110000726360320G,https://www.thunisoft.cn/,电子政务领域软件及信息服务提供商,华宇软件是一家电子政务领域软件及信息服务提供商，业务涵盖了用户信息系统的全生命周期，具体包括信息化系统规划咨询、应用软件定制开发、信息化系统建设、信息化应用推广、信息化系统运维服务等。,企业服务,行业信息化及解决方案,北京,海淀区,2001-06,运营中,,北京市海淀区中关村东路1号院清华科技园科技大厦C座25层,010-8262-2288,guoxin@thunisoft.com,,,,
天泽信息,天泽信息产业股份有限公司,9132000072058020XK,http://www.tiza.com.cn/,产业互联网IT服务提供商,"天泽信息是产业互联网IT服务提供商，目前已形成智能制造、现代农业、公共事业与流通、海外及投资等四大业务群，公司针对高端装备制造企业、交通及物流运输等行业提供以物联网技术为核心的信息管理解决方案及相关的软、硬件产品与服务。
",企业服务,企业IT服务,江苏,南京,2000-05,运营中,,中国 南京 建邺区 云龙山路80号,400-800-7999,,,,,
元力控股,元力控股有限公司,,http://www.oneforce.com.cn/,电力行业信息技术服务提供商,"元力控股是一家电力行业信息技术服务提供商，主要向各电网公司及电力零售公司提供软件系统及技术服务，业务还涉及电力交易相关技术服务、电力交易平台相关外包服务和软件系统作电力营销相关数据采集及监控用户服务。
",企业服务,企业IT服务,香港,中西区,2016-12,运营中,,,,,,,,
荧德控股,荧德控股有限公司,,http://www.vistarholdings.com,楼宇消防解决方案提供商,"荧德控股是一家楼宇消防解决方案提供商，主要为用户提供设计、供应、安装、修改、维修消防喷淋系统、消防栓系统、自动报警系统、水幕系统、气体灭火系统、泡沫灭火系统及有关防火产品。
",企业服务,企业安全,香港,荃湾区,2017-09,运营中,,,,,,,,
桥英控股,桥英控股有限公司,,http://www.omnibridge.com.hk/,人力资源服务提供商,"桥英控股是一家人力资源服务提供商，主要为用户提供人力资源外包服务以及人力资源招聘服务，通过多种渠道寻找和聘用符合用户指定职位描述的合适人选，旨在帮助用户招聘。
",企业服务,人力资源,香港,中西区,2016-09,运营中,,香港金钟夏悫道18号海富中心2座5楼506室,00852-2117-3002,ir@omnibridge.com.hk,,,,
恒为科技,恒为科技（上海）股份有限公司,91310000748772166A,http://www.embedway.com/,网络可视化基础架构及嵌入式融合计算平台提,"恒为科技是一家网络可视化基础架构及嵌入式融合计算平台提供商，专注于为信息安全、无线网络、网络通信、特种设备、云计算与视频等领域提供嵌入式单板计算机、异构计算平台、大数据处理平台、可二次开发的信息系统平台等产品，帮助用户解决网络接口进行流量数据的采集、分流、分析和管理等问题。
",企业服务,云服务,上海,徐汇区,2003-03,运营中,,上海市徐汇区乐山路33号103室,021-61002300,zhaolan.hu@embedway.com,,,,
倢冠控股,倢冠控股有限公司,,http://www.kinetix.com.hk/,资讯科技基础设施解决方案提供商,"倢冠控股是一家资讯科技基础设施解决方案提供商，专注于资讯科技服务领域，主要为用户提供资讯科技基础设施的分析服务、硬件及软件的采购服务、安装及测试以及集成服务等，并为用户提供资讯科技维护及支援服务。
",企业服务,企业IT服务,香港,九龙城区,2017-02,运营中,,,,,,,,
山科智能,杭州山科智能科技股份有限公司,91330100719572130W,http://www.seck.com.cn/,智能水务解决方案提供商,山科智能是一家智能水务解决方案提供商，基于智能仪表、物联网、软件等技术，专注于节水节能、智慧水务、智能仪器仪表等领域，为用户提供智能型自动计量抄表系统、供水仪表实时监控调度系统、水力模型及智慧水务集成应用软件等产品。,企业服务,企业IT服务,浙江,杭州,1999-11,运营中,,杭州市余杭区文一西路1218号恒生科技园13栋,0571-8891-1100,seckdm@163.com,,,,
富银融资股份,富银融资租赁（深圳）股份有限公司,914403000551449170,http://www.fyleasing.com/,融资租赁、保理及咨询服务商,富银融资股份是一家融资租赁、保理及咨询服务商，根据客户的行业以及其需要的设备提供定制化的融资租赁服务，包括新品直租、新品回租及旧品回租交易，并专注于向中国各地的快速消费品、电子产品、医疗、可替代能源及运输行业提供融资租赁服务。,企业服务,销售营销,广东,深圳,2012-12,运营中,,深圳市福田区福田路国际文化大厦2903A,0755-82900700,fysz@fyleasing.com,,,,
永顺控股,永顺控股香港有限公司,,http://www.winsongrouphk.com/,综合性企业,"永顺控股是一家综合性企业，以环境清洁及灭虫服务为主，帮助用户解决家庭虫害等问题，此外还涉及航空餐饮支援服务，用户涵盖发展商、房地产项目投资者、公用事业等。
",企业服务,综合企业服务,香港,荃湾区,2016-07,运营中,,香港新界荃湾杨屋道8号如心广场2期27楼2702室,00852-2156-3388,info@winsongrouphk.com,,,,
建泉国际控股,建泉国际控股有限公司,,http://www.vbg-group.com/,企业财务顾问服务提供商,"建泉国际控股是一家企业财务顾问服务提供商，主营业务包括企业融资顾问服务、配售及包销服务、及业务咨询服务，其中融资顾问服务包括保荐、合规顾问、财务顾问及独立财务顾问。
",企业服务,销售营销,香港,中西区,2016-04,运营中,,香港中环皇后大道中39号丰盛创建大厦18楼,(852) 2200-7600,info@vbg.com.hk,,,,
美高域,美高域集团有限公司,,http://www.microware1985.com/,资讯科技基建解决方案供应商,美高域是一家资讯科技基建解决方案供应商，专注于IT领域，主要为用户提供资讯科技基建解决方案服务及资讯科技管理服务，并为企业用户提供硬件和软件品牌产品。,企业服务,企业IT服务,香港,观塘区,2016-07,运营中,,香港九龙观塘鸿图道44–46号世纪工商中心1楼,00852-2565-3088,ir@microware1985.com,,,,
安领国际,安领国际控股有限公司,,https://www.edvanceintl.com/,IT安全解决方案增值分销商,"安领国际是一家IT安全解决方案增值分销商，专注于为用户提供IT安全产品及IT安全服务，帮助用户解决企业数据安全问题，同时为终端用户的IT系统提供保障及咨询服务。
",企业服务,企业安全,香港,观塘区,2016-09,运营中,,香港九龙观塘创业街15号万泰利广场39楼,00852-31849400,info@edvanceintl.com,,,,
沛然环保,沛然环保顾问有限公司,,http://www.asecg.com,顾问服务提供商,沛然环保是一家顾问服务提供商，专注于提供不同范畴的顾问服务，业务涉及绿色建筑认证顾问服务、可持续发展及环境评估顾问服务；声学、噪音及震动控制及视听设计及环境、社会及管治（ESG）报告及咨询服务。,企业服务,销售营销,香港,湾仔区,2016-07,运营中,,香港湾仔告士打道160号海外信托银行大厦27楼,00852-28157028,info@aechk.com,,,,
誉成云创数据,宁夏誉成云创数据投资有限公司,91640500094543814X,,云数据中心的投资建设与运营商,誉成云创数据是一家超大型云数据中心的投资建设与运营商，致力于为通信运营商、服务提供商、互联网企业及终端用户提供云应用和服务，未来还将着眼提供大规模和低成本的云计算应用服务。,企业服务,云服务,宁夏,中卫,2014-03,运营中,,中卫市沙坡头区行政中心五楼568号,0955-872-2337,ju.ren@meilicloud.com.cn,,,,
信源企业集团,信源企业集团有限公司,,http://www.xysgroup.com/s/index.php,沥青船出租服务提供商,"信源企业集团是一家沥青船出租服务提供商，主要服务于航运及能源企业运输沥青，根据各类租船协议提供沥青船出租服务，包括期租、程租及包运合同，期限在二至十年之间不等。
",企业服务,其他企业服务,香港,黄大仙区,2018-04,运营中,,,,,,,,
兆邦基地产,兆邦基地产控股有限公司,,https://www.szzhaobangji.com/index.jhtml,综合性企业,"兆邦基地产是一家综合性企业，主要为用户提供建筑机械贸易、建筑机械租赁，以及提供本地运输服务等业务服务，此外还为用户提供内地房地产开发服务。
",企业服务,综合企业服务,香港,中西区,2016-09,运营中,,香港上环干诺道中168-200号信德中心 招商局大厦11楼1116-1118室,852-31507742,enquiry@szzhaobangji.com,,,,
星亚控股,星亚控股有限公司,,,人力资源解决方案提供商,"星亚控股是一家人力资源解决方案提供商，专注于为酒店及度假村业用户提供员工团队解决方案，业务包括为用户提供人力外判服务、人力招聘服务及人力培训服务等。
",企业服务,人力资源,香港,中西区,2015-12,运营中,,香港中环干诺道中111号永安中心9楼911–912室,(+65) 6499 5757,enquiry@singasia.com.sg,,,,
高奥士国际,高奥士国际控股有限公司,,https://www.kos-intl.com/,人力资源服务提供商,"高奥士国际是一家人力资源服务提供商，公司主要为用户提供人力资源服务，包括招聘服务等，同时，公司还会根据用户需求，协助提供工资单和其他管理服务。
",企业服务,人力资源,香港,九龙城区,2018-01,运营中,,,,,,,,
信息发展,上海信联信息发展股份有限公司,913100001322925352,http://www.cesgroup.com.cn/,信息化系统开发与服务提供商,信息发展是一家运用大数据和区块链等技术，面向智慧食安、智慧档案、智慧司法等政府和企业，为数字中国提供行业专有云综合解决方案的服务运营商。,企业服务,企业IT服务,上海,浦东新区,1997-10,运营中,,上海市中江路879号上海天地软件园11号楼,021-5107-7666,zhao.jing@cesgroup.com.cn,,,,
国农科技,深圳国华网安科技股份有限公司,91440300192441969E,http://www.sz000004.cn/,房地产开发及生物医药研发商,国农科技以移动互联网服务为主营业务，旗下拥有北京智游网安科技有限公司、广州国科互娱网络科技有限公司等子公司。,企业服务,行业信息化及解决方案,广东,深圳,1986-05,运营中,,广东省深圳市福田区梅林路卓越梅林中心广场（南区）B座2206A,0755 - 83521596,gnkjsz@163.com,,,,
润利海事,润利海事集团控股有限公司,,https://yunlee.com.hk/,船舶租赁及海事服务提供商,"润利海事是一家香港船舶租赁及海事服务提供商，主要从事船舶租赁、船舶管理、船员、海事咨询、船只维修及保养等业务，旗下拥有58艘船舶，包括20艘自营船舶及38艘租赁船舶，其中54艘船舶用于定期租船业务，剩余4艘船舶则用于航次租船业务或待机。
",企业服务,其他企业服务,香港,九龙城区,2018-04,运营中,,,,,,,,
国泰集团,江西国泰集团股份有限公司,913600007969593637,http://www.jxgtyjy.com/,企业信息化解决方案提供商,"国泰利民是一家企业信息化解决方案提供商，致力于大数据、云计算和人工智能等技术在行业的创新应用与服务，自主研发的主要产品包括“利民红云智慧党建”、“警用案件智能分析作战平台”、“队伍管理职能平台”。
",企业服务,行业信息化及解决方案,江西,南昌,2006-12,运营中,,江西省南昌市高新开发区高新大道699号（聚仁国际2号楼）2101 ,0791-88111612,,,,,
谱尼测试,谱尼测试集团股份有限公司,91110108740053589U,http://www.ponytest.com/,综合性检测服务提供商,谱尼测试是一家综合性检测服务提供商，为政府部门和大型企事业集团用户提供检测、认证、监测等全方位检测认证服务，业务涵盖环境、食品、药品、汽车、日用消费品、电子产品、建筑等领域。,企业服务,科研和社会服务,北京,海淀区,2002-06,运营中,,北京市海淀区中关村环保科技示范园锦带路66号院1号楼,010-8305-5000,pony@ponytest.com,,,,
中炬高新,中炬高新技术实业（集团）股份有限公司,91442000190357106Y,http://www.jonjee.com/cn/,以投资和产业园运营为主的综合性企业,"中炬高新是一个以投资和产业园运营为主的综合性企业，该公司的主营业务是投资房地产、健康食品业、汽车配件业等领域，以及开发运营中炬高新产业园、中炬汽配工业园、中国绿色健康食品产业基地等。
",企业服务,综合企业服务,广东,中山,1993-01,运营中,,中山市中山火炬高技术产业开发区,0760-85596818,jonjee@jonjee.com,,,,
兑吧,杭州兑吧网络科技有限公司,91330106574371572Y,http://www.duiba.com.cn,用户运营服务平台,兑吧是一家致力于帮助互联网企业提升运营效率的用户运营服务平台，包含两大核心业务——积分商城管理工具、活动工具，并承诺终身免费。成立至今一直在运营领域深度耕耘，通过精细化的运营服务，满足企业个性化运营的需求。目前已有4000家主流App接入了兑吧积分商城，如百度手机助手、赶集生活、58同城等。,企业服务,企业IT服务,浙江,杭州,2014-05,运营中,,,,,陈晓亮,CEO,,
实朴检测,实朴检测技术（上海）股份有限公司,91310116671156516L,http://www.sepchina.cn/,第三方检测集团,实朴检测是一家具有独立法人地位的第三方检测集团，致力于为场地调查评估机构、污染场地修复公司、终端企业和政府机构提供管理咨询，技术服务和工程环境管理的可持续解决方案。,企业服务,科研和社会服务,上海,闵行区,2008-01,运营中,,上海市闵行区都会路2059号2幢2F306室、1F106室,021-6488-0032,postmaster@sepchina.cn,,,,
鼎捷软件DigiwinSoft,鼎捷软件股份有限公司,91310000734084709Q,http://www.digiwin.com.cn,ERP企业管理软件与服务供应商,鼎捷软件（DigiwinSoft）是一家ERP企业管理软件与服务供应商，其前身是神州数码管理系统有限公司，旗下业务还包括台北成立的鼎新电脑等。,企业服务,企业IT服务,北京,海淀区,2001-12,运营中,,上海市静安区江场路1377弄1号楼22F,400-6265-858,info@digiwin.biz,孙蔼彬,董事长,,
瑞晟智能,浙江瑞晟智能科技股份有限公司,91330200698208670Y,http://www.sunrise.com.cn/,数字化智能高端装备制造解决方案提供商,瑞晟智能是一家专业从事自动化生产、自动化仓储、自动化分拣与物流系统的研发、制造及销售的企业。公司秉承专业专注，用心服务的理念，以创新为根本，以服务为基石，依靠科学规范的管理、经营机制，不断为客户提供最优的智能制造与智慧物流解决方案，持续为客户创造价值。,企业服务,行业信息化及解决方案,浙江,宁波,2009-12,运营中,,浙江省宁波市高新区晶辉路16号4楼,0754-8883-6999,sunrise@sunrise.com.cn,,,,
信雅达,信雅达科技股份有限公司,91330000253917765N,http://www.sunyard.com/,专注于自主产权软件的开发和应用服务,信雅达是一家在上交所上市的软件企业，致力于自主产权软件的开发和应用服务，服务于金融IT、ITO/BPO（软件外包/服务外包）、油气IT、环保科技等领域。,企业服务,法律服务,浙江,杭州,1996-07,运营中,,浙江省杭州市滨江区江南大道3888号信雅达科技大厦,0571-56686888 ,mail@sunyard.com,耿俊岭,董事长,,
世纪睿科,世纪睿科集团有限公司,,http://www.css-group.net/index.html,一站式全媒体应用解决方案供应商,世纪睿科是一家一站式全媒体应用解决方案供应商，致力于提供高端软硬件应用解决方案，协助内容制作、转播及传输；活动转播服务及系统维护服务。,企业服务,行业信息化及解决方案,北京,朝阳区,2007-04,运营中,,中国北京通州区光机电一体化产业基地嘉创路10号枢密院H8,+86 10 59671700,investor@css-group.net,,,,
粤海饲料股份,广东粤海饲料集团股份有限公司,9144080061780376XU,http://www.yuehaifeed.com/,供应商服务云平台,粤海云采APP充分利用信息通信技术以及互联网平台，让互联网与传统行业进行深度融合，创造新的发展生态。粤海互联网是在现有ERP系统基础上升级优化和拓展互联网应用。,企业服务,行业信息化及解决方案,广东,湛江,1994-01,运营中,,广东省湛江市霞山区机场路22号,0759-232-3323,hejl@yuehaifeed.com,,,,
迪信通,北京迪信通商贸股份有限公司,911100008029439243,,移动通信终端销售和服务提供商,迪信通是一家移动通信终端销售和服务提供商，采取了直营店和加盟店相结合的连锁经营模式。北京迪信通商贸股份有限公司旗下品牌。,企业服务,销售营销,北京,朝阳区,1993-01,运营中,,,,,刘东海,创始人,,
久邦数码,广州市久邦数码科技有限公司,9144010474993290X7,http://www.3g.cn/,出海工具综合服务,久邦数码（GOMO）创建于2003年，主要业务板块包括业务覆盖全球的手机工具类应用软件系列，面向国内的网络文学阅读平台，以及3G门户资讯网站。,企业服务,企业IT服务,广东,广州,2003-06,运营中,,,,,邓裕强,CEO,,
岭南股份,岭南生态文旅股份有限公司,91441900708010087G,http://www.lnlandscape.com/,综合性企业,"岭南股份是一家综合性企业, 生态环境与园林建设、文化与旅游、投资与运营为一体,为用户提供风景园林工程设计、市政公工程施工、旅游策划等服务。",企业服务,综合企业服务,广东,东莞,1998-07,运营中,,东莞市东城街道东源路东城文化中心扩建楼1号楼10楼,0769-220-0888,ln@lingnan.cn,尹洪卫,董事长,,
浩丰科技,北京浩丰创源科技股份有限公司,91110000783967006U,http://www.interact.net.cn/,营销信息化解决方案提供商,浩丰科技是国内营销信息化的理念倡导者和技术领先者，长期致力于通过云计算和商业智能等核心技术，向银行、保险、制造、商业流通与服务、政府及公共事业、高端酒店、内容服务等行业和领域提供具有自主知识产权的营销信息化解决方案，包括联络中心及统一通信平台、营销业务及管理平台、传媒服务及运营平台和相关技术服务。,企业服务,销售营销,北京,石景山区,2005-12,运营中,,北京市石景山区八角东街65号融科创意中心大厦A座11层,010-8887-8800,haofeng@interact.net.cn,高慷,董事长,,
安控科技,北京安控科技股份有限公司,91110000633710213T,http://www.etrol.com/,智慧产业解决方案及产品提供商,安控科技是一家智慧产业解决方案及产品提供商，主要提供自动化、油气服务、智慧产业等业务领域产品及解决方案，包括DCS、功能安全RTU、模块化RTU、一体化RTU等。,企业服务,行业信息化及解决方案,北京,海淀区,1998-09,运营中,,北京市海淀区地锦路9号院6号楼,010-6297-1668,etrol@etrol.com,徐辉,董事长,,
诚益通,北京诚益通控制工程科技股份有限公司,91110000752630339B,http://www.ctntech.com/,生物行业自动化系统整体解决方案提供商,诚益通是国内专业的医药、生物行业自动化系统整体解决方案提供商。公司坐落于北京中关村永丰高科技园区，在北京昌平、江苏盐城设有生产基地，是生物产业自动化控制工程行业的领军企业。,企业服务,行业信息化及解决方案,北京,大兴区,2003-07,运营中,,北京市大兴区中关村科技园区大兴生物医药产业基地永大路38号6幢4层,010-8928-7888,xingzhengbu@eastctn.com,梁学贤,董事长,,
建研院,苏州市建筑科学研究院集团股份有限公司,91320500466948434Y,http://www.szjkjt.com/,建筑行业技术研究与应用服务提供商,建研院是一家建筑行业技术研究与应用服务提供商，该公司的业务包括建筑改造、建筑垃圾综合利用、建筑的工业化等领域的研究，同时公司的研究内容还包括能耗监测、建筑结构胶粘剂、改性沥青防水卷材等，并为用户提供建筑行业的一体化解决方案。,企业服务,行业信息化及解决方案,江苏,苏州,1990-03,运营中,,苏州市吴中经济开发区越溪街道吴中大道1368号3幢,0512-6736-0233,,吴小翔,董事长兼总经理,,
乐凯新材,航天智造科技股份有限公司,911306057713196269,http://www.luckyfilm.com.cn/,信息记录产业系统服务商,乐凯新材料是一家具有六十多年历史的改制转型的国有控股上市公司，隶属于中国航天科技集团公司下属的中国乐凯集团有限公司，是当前国内信息记录材料行业中同时从事磁记录和热敏记录材料领域的龙头企业。,企业服务,行业信息化及解决方案,河北,保定,2005-02,运营中,,河北保定乐凯南大街6号,,,,,,
中孚信息,中孚信息股份有限公司,913700007357889006,http://www.zhongfu.net/,信息安全解决方案提供商,中孚信息是一家信息安全解决方案提供商，专注于安全保密技术、商用密码技术、云安全技术和移动终端安全技术等领域，为用户提供了全系列的安全产品和面向分级保护、等级保护等党政内网的行业应用解决方案。,企业服务,企业安全,山东,济南,2002-03,运营中,,济南市高新区新泺大街1166号奥盛大厦2号楼15-16层,0531-6659-0089,xuyanying@zhongfu.net,魏东晓,董事长兼总经理,,
京天利,江西天利科技股份有限公司,91110000785541009C,http://www.ihandy.cn/,行业移动信息系统解决方案提供商,"京天利是一家行业移动信息系统解决方案提供商，主要为大中型集团用户提供移动信息应用整体解决方案，涵盖定制开发、业务集成、运营支撑和用户关系管理等服务，帮助集团用户向其用户提供以短信彩信应用、云服务平台为主的移动信息服务。
",企业服务,行业信息化及解决方案,北京,石景山区,2006-01,运营中,,北京市石景山区实兴大街30号院6号楼901室,010-5755-1169,wangmengmeng@ihandy.cn,邝青,董事长,,
中设集团,华设设计集团股份有限公司,91320000780270414F,http://www.jsjty.com/,工程设计咨询公司,中设设计集团股份有限公司是一家工程设计咨询公司，提供道路、桥梁、隧道、铁路、轨道、港口、航道、船闸、工业与民用建筑、环境、景观、智能交通的规划、咨询、勘察、设计、科研、试验检测、监理和项目管理等相关领域的工程咨询服务。,企业服务,销售营销,江苏,南京,2005-08,运营中,,南京市秦淮区紫云大道9号,025-8801-8888,ir@jsjty.com,杨卫东,董事长,,
华铁应急,浙江华铁应急设备科技股份有限公司,91330000682900435M,http://www.zjhuatie.cn/,城市运行设备租赁运营及项目方案设计,华铁应急是一家以城市运行设备租赁、运营及项目方案设计的综合平台服务商，致力于通过大数据、物联网等技术运用实现租赁行业互联网化、数字化、智能化，提升设备运行及服务效率，用数据及科技赋能行业，打造优质服务平台，形成围绕设备租赁的全生态服务体系。,企业服务,行业信息化及解决方案,浙江,杭州,2008-11,运营中,,浙江省杭州市江干区胜康街68号华铁创业大楼,0571-8603-6777,admin@zjhuatie.cn,胡丹锋,董事长,,
普路通,深圳市普路通供应链管理股份有限公司,91440300783905518J,http://www.prolto.com/,企业供应链方案设计及优化商,普路通是专业为企业提供涵盖供应链方案设计及优化、采购分销、库存管理、资金结算、通关物流以及信息系统配套支持等环节的一体化供应链管理服务商。,企业服务,行业信息化及解决方案,广东,深圳,2005-12,运营中,,深圳市福田区深南大道1006号深圳国际创新中心A栋21楼,0755-8287-7543,hr@prolto.com,陈书智,董事长,,
中达安,中达安股份有限公司,914400007080735472,http://www.sino-daan.com/,工程咨询服务商,中达安是一家专业从事以工程监理业务为主的全过程工程咨询服务商，具备通信工程监理甲级、房屋建筑工程监理甲级、市政公用工程监理甲级、机电安装工程监理甲级、水土保持监理乙级、机电及金属结构设备制造甲级、水利工程建设环境保护等多项资质资格。,企业服务,销售营销,广东,广州,2000-08,运营中,,广东省广州市白云区广州大道北1421号602房,020-3885-8589,daan@gddaan.com,吴君晔,董事长,,
海量数据,北京海量数据技术股份有限公司,911101086656289355,http://www.vastdata.com.cn/,数据技术服务和解决方案提供商,海量数据是一家数据技术服务和解决方案提供商，主要针对大中型企事业单位的数据中心，搭建IT基础设施数据平台，并提供数据存储与安全、数据库与数据管理、云计算 等方面的解决方案和技术服务，业务涵盖数据技术的产品研发、技术支持和教育培训等领域。,企业服务,数据服务,北京,海淀区,2007-07,运营中,,北京市海淀区学院路30号科大天工大厦B座6层01室,010-8283-8118 ,licz@vastdata.com.cn,闫忠文,董事长,,
威星智能,浙江威星智能仪表股份有限公司,913301007792565355,http://www.viewshine.cn/,智能计量终端及燃气管理系统研发商,威星智能是一家智能计量终端及燃气管理系统研发商，产品涵盖IC卡智能终端、基于RF和基于物联网的智能计量终端、超声波计量仪表和“燃气云”信息管理平台等，并提供无线远传、输差控制、IC卡预付费等解决方案。,企业服务,行业信息化及解决方案,浙江,杭州,2005-08,运营中,,杭州市拱墅区莫干山路1418-41号6号楼,0571-8817-9010 , zongcaiban@viewshine.cn,黄文谦,董事长,,
可立克,深圳可立克科技股份有限公司,914403007576217064,https://www.clickele.com,磁性元件和电源技术解决方案供应商,可立克是全球著名的磁性元件和电源技术解决方案供应商。坚持稳健经营、持续创新、开放合作，在变压器、磁性元件和开关电源领域，我们积累了核心的设计研发和生产制造技术优势，为行业客户提供有竞争力磁性元件和电源产品方案。,企业服务,行业信息化及解决方案,广东,深圳,2004-03,运营中,,深圳市宝安区福永镇桥头社区正中工业园7栋,0755-2991-8117,sales@clickele.com,肖铿,董事长,,
熙菱信息,新疆熙菱信息技术股份有限公司,91650100298827325R,http://www.sit.com.cn/,公共安全解决方案提供商,"熙菱信息是一家公共安全解决方案提供商，依托视频图像处理、业务建模、旁路数据采集等核心技术，为用户提供细分产品、解决方案和大数据服务,并为用户提供""Merlineye""魔力眼智慧安防系列和""SNAM""业务安全审计系列两大产品，广泛应用于公安、司法、交通等领域。",企业服务,企业安全,新疆,乌鲁木齐,1999-07,运营中,,新疆乌鲁木齐市高新区北京南路358号大成国际大厦10层,0991-557-3602,luxx@sit.com.cn,何开文,董事长,,
国检集团,中国建材检验认证集团股份有限公司,91110000101123421K,http://www.ctc.ac.cn/,第三方检验服务提供商,"国检集团是一家第三方检验服务提供商，主要从事建筑材料和建设工程领域的检验服务,包括检验检测、认证业务、安全服务、仪器研发等,用户包括建筑材料生产及流通企业、建设工程建设及施I单位等。",企业服务,科研和社会服务,北京,朝阳区,1984-10,运营中,,北京市朝阳区管庄东里1号科研生产区南楼 ,010-5116-7681,qyglb@ctc.ac.cn,姚燕,董事长,,
科大国创,科大国创软件股份有限公司,91340100723329328P,http://www.kdgcsoft.com/,软件产品研发及IT综合解决方案提供商,"科大国创是一家行业软件产品研发及IT综合解决方案提供商 ,专业从事信息领域的技术研究与产品开发,面向大型行业提供信息化建设与咨询服务、应用软件开发与服务等, 是中国信息技术产品研发与整体解决方案领先供应商。",企业服务,企业IT服务,安徽,合肥,2000-11,运营中,,合肥市高新区文曲路355号,0551-6539-6700,wangjinping@ustcsoft.com,董永东,董事长,,
维宏股份,上海维宏电子科技股份有限公司,91310000662437084H,https://www.weihong.com.cn/,运动控制系统解决方案提供商,"维宏股份是一家运动控制系统解决方案提供商 ,专注于专注于运动控制系统研发、销售和服务,自主研发的雕刻雕铣控制系统、切割控制系统、机械手控制系统、驱动器控制系统等,已广泛应用于模具制造、金属切削、金属高光加工、3C玻璃精密加工、板式家具切割等领域。",企业服务,行业信息化及解决方案,上海,奉贤区,2007-06,运营中,,上海市奉贤区沪杭公路1590号,021-3358-7550,,汤同奎,董事长,,
万兴科技,万兴科技集团股份有限公司,91540195754285145H,http://www.wondershare.com/,PC应用和移动互联网应用,万兴科技深耕数字创意软件领域，推出万兴喵影、万兴优转、万兴录演等视频创意软件，Wondershare Filmstock、万兴喵库视频创意素材平台，万兴爱画、万兴播爆等AIGC应用；此外面向全球市场还推出万兴图示、万兴脑图MindMaster、墨刀等绘图创意软件，万兴PDF、Wondershare PDFelement等文档创意软件，万兴恢复专家、万兴数据管家、万兴易修等实用工具软件。,企业服务,行业信息化及解决方案,广东,深圳,2003-09,运营中,,深圳市南山区海天二路14号软件产业基地5栋D座10楼,0755-8666-5000,media.cn@wondershare.cn,吴太兵,创始人,,
莱伯泰科,北京莱伯泰科仪器股份有限公司,911100006000953578,http://www.labtechgroup.com/,分析测试解决方案企业,莱伯泰科是一家专业的，为食品安全、环境检测、疾病控制和材料分析等分析化学实验室提供从样品前处理到分析测试解决方案的国际化企业。公司集产品研发、生产、销售和服务为一体，国际和国内为一体。主要产品包括无机和有机分析样品前处理产品，实验室冷却、加热和温控产品，分析仪器，实验室信息管理软件，实验室设计和建设解决方案等。,企业服务,行业信息化及解决方案,北京,顺义区,2002-01,运营中,,北京空港工业区B区安庆大街6号,010-8048-6450,labtech@labtechgroup.com,胡克,董事长,,
恒锋信息,恒锋信息科技股份有限公司,9135010026017703XW,http://www.i-hengfeng.com/main.html,信息技术服务提供商,恒锋信息是一家信息技术服务提供商，专注于智慧城市、数据中心和计算机信息系统，向民生、公共安全、城市服务等领域用户提供规划设计、软件&创新研发、系统集成、管理运维服务。,企业服务,企业IT服务,福建,福州,1995-10,运营中,,福建省福州市鼓楼区乌山西路318号洪山科技园创业中心大厦,0591-8773-2133,869998383@qq.com,魏晓曦,董事长,,
海联讯,杭州海联讯科技股份有限公司,914403007152459096,http://www.hirisun.com/,电力企业综合整体解决方案提供商,海联讯是一家从事电力信息化系统集成业务的国家高新技术企业。本公司面向电力企业，以提供综合性整体解决方案的形式，从事电力企业信息化建设业务，并提供相关的技术及咨询服务。本公司提供的产品和服务可广泛应用于电力行业产业链发电、输电、变电、配电、用电和调度等各个环节，全面提升用户信息化水平，为客户创造价值。,企业服务,企业IT服务,广东,深圳,2000-01,运营中,,深圳市南山区深南大道市高新技术园R2厂房B区3a层,0755-2697-2918,zxp@hirisun.com,王天青,董事长,,
矩子科技,上海矩子科技股份有限公司,91310000667825748L,http://www.jutze.com.cn/cn/,视觉检测设备研发商,矩子科技是主要研发生产自动光学检测系统的高科技企业，公司自主研发的基于光学原理来对表面贴装后印刷线路板的外观不良进行检测。公司产品技术处于国际领先水平，实现进口替代；系列产品广泛应用于消费类电子，通信终端设备，电脑及周边设备，家用电器，工业控制，汽车电子等领域。主要客户是SMT生产厂商，如夏普、TCL、长虹、富士康、诺基亚、达丰、PC Partner等。,企业服务,科研和社会服务,上海,闵行区,2007-11,运营中,,上海市闵行区中春路7001号明谷科技园E栋101-102室,021-3468-7800,yanwen.ge@jutze.com.cn,,,,
浪潮信息,浪潮电子信息产业股份有限公司,91370000706266601D,,计算平台与IT应用方案解决提供商,浪潮信息是一家计算平台与IT应用方案解决提供商，为用户提供服务器，行业应用软件，ERP等软件产品。,企业服务,企业IT服务,山东,济南,1998-10,运营中,,济南市浪潮路1036号,,hanyue.lc@inspur.com,,,,
怡合达,东莞怡合达自动化股份有限公司,91441900566614589Q,http://www.yiheda.com,工业自动化零部件采购平台,"怡合达是一家工业自动化零部件采购平台,为用户提供机械标准零件、气动元件、检测用零件、马达驱动、电气控制零件等十余种大类的零部件产品,同时提供非标自动化智能设备整机解决方案。",企业服务,行业信息化及解决方案,广东,东莞,2010-12,运营中,,东莞市虎门镇北栅东坊工业区,0769-8888-6777 ,service@yiheda.com,金立国,董事长,,
数字认证,北京数字认证股份有限公司,91110108722619411A,http://www.bjca.org.cn/,息安全解决方案提供商,数字认证是一家息安全解决方案提供商，主要业务为电子认证服务、电子认证产品及可管理的信息安全服务。具有工业和信息化部颁发的电子认证服务许可证资质，国家密码管理局颁发的商用密码销售、使用许可资质和电子政务电子认证服务许可资质、卫生系统电子认证服务资质的电子认证服务商,企业服务,行业信息化及解决方案,北京,海淀区,2001-02,运营中,,北京市海淀区北四环西路68号1501号;北京市海淀区北四环西路68号1501号 ,010-5804-5600 ,bjcaxh@bjca.org.cn,林雪焰,总经理,,
瑞特股份,常熟市国瑞科技股份有限公司,9132050062822013XT,http://www.cn-ruite.com/,船舶电系统集成解决方案提供商,"瑞特股份是一家船舶电系统集成解决方案提供商，专注于为船舶提供中、低压配电系列、电力电子系列,自动化管理系统系列、自动化设备及控制装置系列,船用断路器、加固计算机及可穿戴设备,并为用户提供船舶电气成套系统集成解决方案与售后服务。",企业服务,行业信息化及解决方案,江苏,苏州,1993-02,运营中,,常熟市虞山镇高新技术产业园青岛路2号,0512-5234-5677,sz@cs-ruite.com,龚瑞良,董事长兼总经理,,
宝兰德软件,北京宝兰德软件股份有限公司,911101086738170589,https://www.bessystem.com/,基础设施软件研发及推广服务提供商,宝兰德软件是一家基础设施软件研发及推广服务提供商，是一家专注于基础软件研发及推广的高新技术软件企业。宝兰德产品线已经覆盖到了基础软件领域的中间件、容器PaaS平台、智能运维和大数据等多个方向。,企业服务,企业IT服务,北京,海淀区,2008-03,运营中,,北京市海淀区上地六街17号6314室,4006-501-976,donghui.zhang@bessystem.com,易存道,董事长,,
威胜信息,威胜信息技术股份有限公司,91430100760727392G,http://www.willfar.com/,用能信息采集系统提供商,威胜信息是一家用能信息采集系统提供商，以信息采集、分析、处理为技术入口，通过智能终端等软、硬件产品为用户提供用能信息采集系统集成及服务，此外还依托旗下子公司为用户提供水、气、热等能源计量、集抄、监测产品，以及计量芯片、GPRS无线模块、MCU等产品。,企业服务,数据服务,湖南,长沙,2004-05,运营中,,湖南省长沙高新技术产业开发区桐梓坡西路468号,0731-8861-9666,export@willfar.com,吉喆,董事长,,
中国电器院,中国电器科学研究院股份有限公司,91440101100006899U,http://www.cei1958.com/,电器创新与应用研究机构,中国电器院是一家电器创新与应用研究机构，拥有科研开发、科技服务、科技产业三大核心业务板块，其中科研开发业务板块拥有国家级科技研发平台，涵盖能源科学、材料科学、工程科学等领域；科技服务业务板块（CVC威凯）能够为企业提供包括研发、标准制修订、检测、体系认证、产品认证、设备计量校准等质量控制领域的整体解决方案。,企业服务,行业信息化及解决方案,广东,广州,2002-09,运营中,,广州市海珠区新港西路204号第1栋,0208-905-0855,jinzx@cei1958.com,秦汉军,董事长,,
天瑞仪器,江苏天瑞仪器股份有限公司,913205007899341254,http://www.skyray-instrument.com,行业整体解决方案提供商,天瑞仪器是一家行业整体解决方案提供商，为环境保护与安全、工业测试与分析及其它领域提供专业解决方案，同时为电子、电器、珠宝、玩具、食品、建材、冶金、地矿、塑料、石油、化工、医药等众多行业提供更为完善的行业整体解决方案。,企业服务,行业信息化及解决方案,江苏,苏州,2006-07,运营中,,昆山市中华园西路1888号,0512-5701-7888 , sales@skyray-instrument.com,刘召贵,董事长,,
迪威视讯,深圳市迪威迅股份有限公司,91440300732061351F,http://www.dvision.cn,产品及解决方案提供商,迪威视讯是一家产品及解决方案提供商，为园区提供规划、设计、实施、运营的一体化服务，为用户提供产品及解决方案。业务领域涵盖：智慧教育，智慧管廊，智慧安防，视频会议，智慧安监，激光显示，网格化管理等领域。,企业服务,行业信息化及解决方案,广东,深圳,2001-09,运营中,,深圳市南山区西丽街道茶光路1089号深圳集成电路设计应用产业园306-1、306-2、307-2室,0755-8657-3381 , dvision@dvision.cn,季刚,总经理,,
中南e行,湖南科创信息技术股份有限公司,91430100183899441P,http://www.chinacreator.com/cn/,信息化综合服务提供商,中南e行是国内智慧政务及智慧企业领域的信息化综合服务提供商，主要致力于为政企客户提供集软件开发、系统集成、IT运维等于一体的信息化综合解决方案。,企业服务,行业信息化及解决方案,湖南,长沙,1998-01,运营中,,湖南省长沙市岳麓区青山路678号-科创软件园,0731-8375-7888,creator@chinacreator.com,费耀平,董事长,,
好运宝,上海豫园旅游商城（集团）股份有限公司,91310000132200223M,http://www.yuyuantm.com.cn/yuyuan/cn/index/,商业经营、投资平台,"好运宝是一个门店管理应用软件，可实现在线查看订单、授信等信息，给加盟商推送订货会资讯，有商品销售、逾期罚金、预收贴牌费、贴牌费等功能，是上海豫园旅游商城股份有限公司旗下产品。
",企业服务,其他企业服务,上海,黄浦区,1987-11,运营中,,上海市文昌路19号,021-2302-9999,obd@yuyuantm.com.cn,徐晓亮,董事长,,
新城市,深圳市新城市规划建筑设计股份有限公司,914403002795212083,http://www.nlt.com.cn/,城市建设领域系统化全程解决平台,新城市是一家城市规划建设服务商，旗下业务包括城市规划、建筑设计、市政设计、综合交通规划、低碳城市建设规划、风景园林设计、土地整备与综合开发咨询等服务。,企业服务,行业信息化及解决方案,广东,深圳,1993-03,运营中,,深圳市龙岗区中心城清林中路39号新城市大厦10-12F,0755-3383-9999,nlt@163.net,,,,
赛迪顾问,赛迪顾问股份有限公司,91110000722619729C,http://www.ccidconsulting.com/,数据分析库,赛迪顾问股份有限公司（简称“赛迪顾问”）提供区域发展、城市战略、产业规划、园区运营、 行业研究、企业战略、管理创新、上市服务、投资策略、投资并购、数字城市建设等现代咨询服务，研究领域涵盖数字经济、工业经济、电子信息、软件和信息服务、人工智能、大数据、集成电路、物联网、智能制造、高端装备、新材料、智能网联汽车、节能环保、医药健康等多个行业领域。赛迪顾问致力于成为全球知名的城市经济第一智库、企业战略第一顾问、资本运作第一专家、智慧城市第一品牌。,企业服务,行业信息化及解决方案,北京,昌平区,2001-03,运营中,,北京市昌平区振兴路28号2号楼311室, 010-8855-9008 , wunan@ccidconsulting.com,赵泽明,董事长,,
蜂助手,蜂助手股份有限公司,914401015895112324,http://www.phone580.com,数字化虚拟商品的综合服务提供商,蜂助手定位为数字化虚拟商品的综合服务提供商，以虚拟商品的综合运营为基础，以赋能行业应用，助力行业APP“拉新、促活、提升GMV”为出发点，建立跨行业的渠道融合运营模式，建立入口型、生态型的渠道运营体系；坚持以“物联网IOT解决方案(流量运营+解决方案)、云终端整体技术解决方案”为公司两大核心技术产品的研发方向。,企业服务,行业信息化及解决方案,广东,广州,2012-01,运营中,,广州市天河区黄埔大道中660号汇金国际金融中心B栋9楼,020-3238-2352,,,,,
富通科技控股,富通科技发展控股有限公司,,http://www.futong.com.hk/c/index.html,企业信息化管理解决方安提供商,"富通科技创立于1996年，总部位于北京，并在香港、上海、广州、深圳、成都等二十余个城市设有分支机构及呼叫中心。2009年12月，富通科技发展控股有限公司于香港联合交易所主板成功上市，股票代码:00465.hk。
富通科技凭借20余年的企业级行业经验与强大的研发创新能力，广泛采用云计算、大数据、人工智能等新兴技术，为政府、金融、零售、交通、能源、制造、医疗、电信、媒体等行业客户提供丰富的数字化科技产品、解决方案及专业IT服务。",企业服务,行业信息化及解决方案,香港,湾仔区,2009-07,运营中,, 香港湾仔港湾道30号新鸿基中心24楼2406至2412室,00852-2622-2428,contact@futong.com.hk,,,,
中国赛特,中国赛特集团有限公司,,http://www.chinasaite.com.cn/html/index.php,钢结构及预制构件建筑解决方案提供商,"中国赛特是一家钢结构及预制构件建筑解决方案提供商，专注于从事建筑结构工程的设计与承包业务，具体涉及住宅房屋、商业楼宇、工业大厦、厂房及公共设施等领域。
",企业服务,行业信息化及解决方案,香港,中西区,2012-09,运营中,,,052-2126-7434,,,,,
清科创业,清科管理顾问集团有限公司,911101057825021009,http://www.zero2ipo.com.cn/,股权投资服务平台,清科集团业务始于二零零一年，是中国领先的创业与投资综合服务平台及知名投资机构。清科集团业务包括研究咨询、数据产品、信息资讯、会议论坛、投资培训、投资银行、产业集聚、直接投资、母基金管理及资产管理。,企业服务,创业服务,北京,朝阳区,2005-11,运营中,,北京市朝阳区霄云路40号院1号楼国航世纪大厦10层1001室,010-6415-8500,editor@zero2ipo.com.cn,倪正东,创始人,,
先锋电子,杭州先锋电子技术股份有限公司,913300001430594726,http://www.innover.com.cn/,提供系统集成服务和终端系列产品,先锋电子提供系统集成服务和终端系列产品。公司的主营业务是为燃气行业提供“城市燃气智能计量网络收费系统”的整体解决方案及与之配套的智能燃气表等终端产品的研发、生产和销售。公司的主要产品为全系列民用智能燃气表、工商用智能燃气表及为客户提供智能网络收费平台软件。公司旗下运营锋云慧APP。,企业服务,行业信息化及解决方案,浙江,杭州,1991-01,运营中,,杭州市滨江区滨安路1186-1号,0571 - 8679-1555,webmast@innover.com.cn,石扬,总经理,,
新大陆,新大陆数字技术股份有限公司,91350000154586155B,http://www.newlandcomputer.com/,专注物联网领域,新大陆专注物联网领域，聚焦条码识别和电子支付两个领域，通过内部整合资源和外延并购扩展两条路径，实现从硬件提供商到系统方案提供商，从业务运营合作方到数据运营合作方转变。公司旗下运营联营伙伴APP。,企业服务,行业信息化及解决方案,福建,福州,1999-06,运营中,,福建省福州市马尾区儒江西路1号新大陆科技园,0591-8397-9333,linyongc@newlandcomputer.com,王晶,董事长,,
易标准,北京三维天地科技股份有限公司,91110108101880422A,http://www.sunwayworld.com/,数据标准服务APP,易标准，为用户提供各种标准的数据服务。该软件由北京三维天地科技有限公司开发。,企业服务,数据服务,北京,丰台区,1995-07,运营中,,北京市丰台区海鹰路6号院总部国际一期12号楼,010-5225-0988,liml@sunwayworld.com,金震,CEO,,
明源云,深圳市明源云科技有限公司,91440300755689061Y,https://www.mingyuanyun.com/,地产生态链智能商业服务商,明源云是一家领先的地产生态链智能商业服务商，致力于让地产生态链更智慧。明源云提供企业级ERP解决方案及SaaS产品，致力于推动中国房地产行业的数字化转型，包括销售及营销、采购、成本管理、项目管理、预算以及房地产资产管理等。,企业服务,行业信息化及解决方案,广东,深圳,2003-11,运营中,,深圳市南山区高新南一道中科大厦24楼,0755-8630-9788,mingyuanyun@mingyuanyun.com,高宇,创始人,,
大东方,无锡商业大厦大东方股份有限公司,91320200703514737E,http://www.eastall.com/,致力于消费领域的经营和服务,大东方致力于消费领域的经营和服务，形成三个核心消费领域：百货零售、汽车销售与服务、食品与餐饮。百货领域定位于中高端精品百货的销售与服务，主要为满足消费者的个性化、高端化商品需求。汽车领域定位于规模化的汽车销售及服务。食品领域通过江南美食与餐饮文化的推广，持续打造优质老字号企业的品牌。公司旗下运营千积变APP。,企业服务,综合企业服务,江苏,无锡,1998-01,运营中,,无锡市梁溪区中山路343号,0510-8276-6978,ddf009@eastall.com,高兵华,董事长,,
神州控股,神州数码控股有限公司,,http://www.dcholdings.com/,整合IT服务商,神州控股是一家整合IT服务商，专注于为用户提供端到端的整合IT服务，服务涉及IT规划咨询、IT基础设施系统集成、解决方案设计与实施、应用软件设计及开发以及IT系统运维外包等领域。,企业服务,企业IT服务,香港,东区,2000-01,运营中,,香港特别行政区鲗鱼涌英皇道979号太古坊德宏大厦20层2008室,852-3416-8000,,,,,
贝通信,中贝通信集团股份有限公司,9142010317784054XA,http://www.whbester.com/index.whbs,通信网络技术服务提供商,贝斯特集团是一家通信网络技术服务提供商，主要为用户提供通信网络建设、通信与信息化集成、通信网络优化与维护、通信网络规划与设计等服务。,企业服务,企业IT服务,湖北,武汉,1999-12,运营中,,武汉市江汉经济开发区江兴路25号 C栋,027-8351-0888 ,,,,,
昆明机床,沈机集团昆明机床股份有限公司,91530000622602196M,http://www.kmtcl.com.cn/,机床制造商,昆明机床是一家机床制造商，公司主要生产龙门镗铣床、卧式铣镗床、数控刨台卧式铣镗床、单柱坐标镗床、FMS柔性生产线以及功能零部件等，同时公司还提供技术支持和技术咨询等业务。,企业服务,行业信息化及解决方案,云南,昆明,1995-10,运营中,,云南省昆明市盘龙区茨坝路23号,,,王鹤,董事长,,
曙光数创,曙光数据基础设施创新技术（北京）股份有限公司,911101087351280057,http://www.sugonenergy.com/,数据中心整体解决方案供应商,曙光数创是一家以制冷技术为核心的数据中心整体解决方案供应商，主要提供液态冷却产品、机房空调产品、机房温湿度控制产品、机房微模块产品研究及软件开发、系统集成和技术服务，为科研院所、军工、教育、医疗等领域用户提供数据中心全生命周期建设服务。,企业服务,企业IT服务,北京,海淀区,2002-01,运营中,,北京市海淀区东北旺西路8号院36号楼5层528室,010-5841-8598,chenzhj_jn@sugon.com,史新东,董事长,,
蕾奥规划,深圳市蕾奥规划设计咨询股份有限公司,914403006748035555,http://www.lay-out.com.cn/,城市规划设计及相关研究咨询服务商,蕾奥股份主营城市规划设计及相关研究咨询服务，产品或服务在与同行业客户竞争的过程中，既要满足行业各类技术法规和规则的要求，又要满足客户多元化的个性需求，公司能否产出较高质量的产品或服务，在很大程度上直接取决于公司专业人才的规划设计灵感创意、专业知识以及项目经验的积累，公司是否具备高素质的规划设计人才，决定了公司是否能够持续获得客户订单、增加销售收入、提升盈利能力。,企业服务,企业IT服务,广东,深圳,2008-05,运营中,,深圳市福田区下梅林一街1号汉沣楼第四、五层（仅限办公）,0755-2396-5209,layout@lay-out.com.cn,王富海,董事长,,
中科曙光,曙光信息产业股份有限公司,91120000783342508F,https://www.sugon.com/,软件开发和系统集成服务提供商,中科曙光是软件开发和系统集成服务提供商，主要从事研究、开发、生产制造高性能计算机、通用服务器及存储产品，并围绕高端计算机提供软件开发、系统集成与技术服务。旗下产品包括服务器产品、安全产品、存储产品、云计算产品等，可应用于电信、医疗卫生、金融、石油等行业。,企业服务,开发者服务,天津,和平区,2006-03,运营中,,华苑产业区（环外）海泰华科大街15号1-3层,,,李国杰,董事长,,
国子软件,山东国子软件股份有限公司,913701007600280302,http://www.googosoft.com/,应用软件产品研发和行业解决方案提供商,国子软件是一家应用软件产品研发和行业解决方案提供商，专注于面向教育领域提供各类学校和教育主管部门的教育教学管理解决方案，同时致力于电子文件和数字档案管理的研究，开发出了电子文件管理系统、数字档案管理系统、OA系统等产品。,企业服务,行业信息化及解决方案,山东,济南,2004-03,运营中,,山东省济南市高新技术产业开发区齐鲁文化创意基地5号楼4单元,0531-89701712,gzsmkj@163.com,韩承志,总经理,,
华胜天成,北京华胜天成科技股份有限公司,91110000633713190R,http://www.teamsun.com.cn/,IT 综合服务提供商,华胜天成是一家IT 综合服务提供商。华胜天成的业务方向涉及云计算、大数据、移动互联网、物联网、信息安全等领域，业务领域涵盖IT产品化服务、应用软件开发、系统集成及增值分销等多种IT服务业务。,企业服务,企业IT服务,北京,海淀区,1998-11,运营中,,北京市海淀区东北旺西路软件园二期华胜天成科研大楼,010-80986666,,王维航,董事长,,
迈拓仪表,迈拓仪表股份有限公司,91320000795354485T,http://www.njmeter.cn/,智能计量和智慧水务服务商,"迈拓仪表是一家智能计量和智慧水务服务商，提供智能水计量、智能热计量整体解决方案，专注于超声波计量仪表、智能计量通讯产品及智能计量服务平台（SMSP,Smart Metering Service Platform）的持续技术创新，公司产品与服务广泛应用于城市供水、供热、消防、水处理及工业、楼宇等能效资源管理相关领域。",企业服务,行业信息化及解决方案,江苏,南京,2006-12,运营中,,江苏省南京市江宁滨江经济开发区喜燕路5号,025-86981981,njmeter@163.com,孙卫国,董事长,,
新联电子,南京新联电子股份有限公司,913201007541098700,http://www.xldz.com/,提供能源综合服务的企业,新联电子是一家向电网企业和企业用户提供能源综合服务的企业。形成用电信息采集、智慧能源云服务、智能配电设备及系统、低压成套、电力通信检测等业务领域，提供解决方案。,企业服务,综合企业服务,江苏,南京,2003-09,运营中,,南京市江宁经济技术开发区利源北路66号,025-6810-5959,xldzhr@163.com,胡敏,CEO,,
高升控股,高升控股股份有限公司,914290042717506470,http://www.gosun.com/,云基础服务提供商,高升控股是一家云基础服务提供商，主要从事IDC（互联网数据中心）、VPN（虚拟专用网）、CDN（内容分发网络）以及APM（应用性能管理）的研发与运营，为各种类型客户提供包括分布式数据中心、云数据传送、云加速、云监控和云安全在内的一站式云基础服务。,企业服务,企业IT服务,北京,海淀区,1993-03,运营中,,北京市海淀区西三环北路87号国际财经中心B座9楼,400-836-5500,support@gosun.com,李耀,董事长,,
华媒控股,浙江华媒控股股份有限公司,91330000202823494D,http://www.000607.cn/,营销推广服务提供商,华媒控股是一家营销推广服务提供商，通过进行用户导向来引领用户意识进行线上线下的各项互动内容，并聚集各类咨询和数据来加快发行渠道的建设进程，以此拓展不同区域的媒体进行合作。,企业服务,销售营销,浙江,杭州,1993-12,运营中,,杭州市体育场路218号,0571-8678-0607,ir000607@000607.cn,董悦,CEO,,
博瑞传播,成都博瑞传播股份有限公司,915101007203362901,http://www.b-raymedia.com/,以媒体为主的综合性企业,博瑞传播是一家以媒体为主的综合性企业，公司的业务包括传媒运营投资、网络游戏投资运营、营销传播服务、印刷服务、物流、创意地产、教育、产业金融等，同时公司为用户提供咨询服务等。,企业服务,综合企业服务,四川,成都,1966-10,运营中,,成都市锦江区创意产业商务区三色路38号博瑞•创意成都A座23楼、25楼,028-8765-0969,,曹建春,董事长,,
中昌数据,中昌大数据股份有限公司,91441700197332374T,http://www.zhongchangdata.com/,大数据智能营销服务商,中昌数据是一家大数据智能营销服务商，以大数据智能营销服务为基础，以数据中心服务为支撑，以云服务能力输出为方向，通过数据挖掘和数据分析，为用户提供基于PC端和移动端的数字营销服务、企业SaaS服务。,企业服务,数据服务,上海,黄浦区,1993-06,运营中,,上海市黄浦区外马路974号三盛宏业大厦1601室,021-3177-3720,investor@zhongchangdata.com,蔡全根(1),董事长,,
深信服科技,深信服科技股份有限公司,91440300726171773F,http://www.sangfor.com.cn/,应用层网络设备供应商,深信服科技是一家应用层网络设备供应商，致力于通过提供品质卓越的Internet网络设备，帮助用户的业务向互联网成功转型。,企业服务,企业IT服务,广东,深圳,2000-12,运营中,,深圳市南山区学苑大道1001号南山智园A1栋一层,0755-8662-7888,market@sangfor.com.cn,何朝曦,董事长,,
电子城,北京电子城高科技集团股份有限公司,91110000101514043Y,http://www.bez.com.cn/,科技产业园区开发商,电子城是一家科技产业园区开发商，主要业务涉及科技产业园区建设、园区物业管理以及信息咨询服务等，目前已开发项目有电子城-创新产业园、电子城-科技研发中心、电子城-科技大厦、电子城-IT产业园等。,企业服务,企业IT服务,北京,朝阳区,1986-12,运营中,,北京市朝阳区酒仙桥北路甲10号院205号楼5层,010-5883-3530,bez@bez.com.cn,王岩,董事长,,
思维列控,河南思维自动化设备股份有限公司,9141010070677725XH,http://www.hnthinker.com/,铁路行车安全控制整体解决方案供应商,思维列控是专业从事铁路运输安全保障技术研究、应用软件开发的铁路装备定点企业。公司自主研发的以防超速、防冒进著称的LKJ系列列车运行控制系统，服务于铁路列车安全控制、列车运行安全管理、列车运行安全信息化建设等方面，为历次全国铁路大提速、保障铁路运输事业的飞速发展做出了突出贡献。,企业服务,行业信息化及解决方案,河南,郑州,1998-04,运营中,,河南省郑州市高新区科学大道97号,0371-6067-1600,hnthinker@ hnthinker.com,李欣,董事长,,
天海投资,海航科技股份有限公司,911201181030621752,http://www.hna-tic.com/,科技产品及解决方案提供商,天海投资是一家科技产品及解决方案提供商，基于云计算、大数据、人工智能技术，旗下主营业务wei海航云集市、海航云以及科创相关产业。,企业服务,行业信息化及解决方案,天津,和平区,1996-10,运营中,,天津自贸试验区（空港经济区）中心大道华盈大厦803,022-5867-9088,tmsc600751@126.com,童甫,董事长,,
天纺标,天纺标检测认证股份有限公司,911200000936119776,http://www.cnttts.com/index.php,产品检测服务提供商,天纺标检测是一家集检测、科研、标准化制定、信息媒体为一体的科技型服务企业。主要为纺织品、羽绒、皮革、箱包、鞋类、玩具、饰品等七大类产品提供检测服务。具体包括纤维含量检测、化学检测、微生物检测、物理性能检测、色牢度检测、轻工检测六类检测。,企业服务,科研和社会服务,天津,南开区,2014-04,运营中,,天津市南开区鹊桥路25号,022-2738-0249,tianfangbiao@163.com,李博,总经理,,
中软国际,北京中软国际信息技术有限公司,9111010871774535X9,http://www.chinasofti.com/,软件与信息技术服务企业,中软国际有限公司是行业领先的全球化软件与信息技术服务企业，公司凭借完整的生态资源，为客户提供云计算、大数据等多领域的技术服务，助力客户应对挑战、构建数字化转型。公司主营业务包含面向大客户、大行业的咨询、解决方案与技术服务。,企业服务,综合企业服务,北京,海淀区,2000-04,运营中,,北京市海淀区科学院南路2号C座12层,010-8286-1666,,陈宇红,总经理,,
时客网,江苏睿泰教育科技有限公司,913202000601705035,,按时计费在线工作平台,时客网，一家采用按小时计费、每周结算模式的新型在线工作平台。江苏睿泰教育科技有限公司旗下。,企业服务,人力资源,江苏,南京,2011-08,运营中,,,,,何宇,创始人,,
彩讯股份,彩讯科技股份有限公司,914403007576325798,http://www.richinfo.cn,领先的产业互联网服务提供商,彩讯科技股份有限公司是一家领先的产业互联网服务提供商，为通信行业、能源行业、交通行业、金融行业等广大客户开发并运营互联网应用平台、企业协作和营销平台、企业级大数据应用平台。,企业服务,行业信息化及解决方案,广东,深圳,2004-01,运营中,,南山区科技南十二路18号长虹科技大厦4楼 01-11单元,4008-303-123,,杨良志,董事长,,
龙运国际,杭州龙运网络科技有限公司,913301093112964430,http://www.dvintinc.com/,互联网众筹及项目孵化服务提供商,龙运国际是一家互联网众筹及项目孵化服务提供商，专注于众筹众创、优质项目孵化、境外上市辅导、场景互联等业务，旗下拥有易投众筹平台“易投网”，涵盖网络站点、页游、手游等多个领域。,企业服务,创业服务,浙江,杭州,2014-10,运营中,,浙江省杭州市上城区凤凰城4号2001室,0571-8221-3772,,孙建军,创始人,,
步步高,步步高商业连锁股份有限公司,91430300755843372T,http://www.bbg.com.cn/,商业及服务业运营商,步步高是一家商业及服务业运营商，业务主要涉及零售贸易、电子商务、商业地产、互联网金融、物流运输等多个业态。,企业服务,综合企业服务,湖南,湘潭,2003-12,运营中,,湖南省湘潭市雨湖区韶山西路309号,0731-5233-9880,,王填,董事长,,
博思软件,福建博思软件股份有限公司,91350100731844207Y,http://www.bosssoft.com.cn,财政管理软件公司,博思软件是一家专业从事公共财政管理软件、政府行业管理软件、通用型财务软件的开发、销售与服务的高科技企业，公司致力于财政票据电子化管理及非税收入管理领域，不断推出领先的非税收入软件产品和服务。,企业服务,财税服务,福建,福州,2001-09,运营中,,福建省福州市海西高新技术产业园高新大道5号博思软件大厦,0591-87664001,bosssoft@bosssoft.com.cn,,,,
三未信安,三未信安科技股份有限公司,91110105679648435P,http://www.cloudhsm.cn/,基于密码技术的云安全服务商,三未信安是一家基于密码技术的云安全服务商，致力于为用户提供商用密码设备和信息安全技术，旗下产品包括服务器密码机、金融数据密码机、密码卡、安全认证网关等硬件产品，以及身份认证系统、密钥管理系统、数字版权管理系统等软件系统，可应用于金融、证券、电力、交通等行业。,企业服务,行业信息化及解决方案,北京,朝阳区,2008-08,运营中,,北京市朝阳区广顺北大街16号院2号楼14层1406室,010-5629-7902,support@sansec.com.cn,张岳公,创始人,,
三旺通信,深圳市三旺通信股份有限公司,91440300732050644R,http://www.3onedata.com,工业互联网解决方案提供商,三旺通信是一家工业互联网解决方案提供商，致力于向用户提供串口通信解决方案、串口设备联网解决方案以及工业以太网交换机解决方案，产品包括了设备联网服务器、工业以太网交换机、嵌入式工业以太网模块等，已在电力、轨道交通、高速公路、隧道、环保、冶金等多个领域中得到应用。,企业服务,行业信息化及解决方案,广东,深圳,2001-09,运营中,,深圳市南山区西丽街道百旺信高科技工业园1区3栋,0755-2670-2688 ,gl@3onedata.com,熊伟,CEO,,
天永智能,上海天永智能装备股份有限公司,913100006073560119,,全球自动化领域领先供应商,天永智能是一家全球自动化领域领先供应商。致力于产品供应链管理模式下的系统规划、设备制造与系统集成，并为各类客户提供综合系统的总体解决方案。,企业服务,行业信息化及解决方案,上海,嘉定区,1996-07,运营中,,上海市嘉定区外冈镇汇宝路555号3幢2层A区,158-0219-1618,shdr_3572@163.com,荣俊林,董事长,,
众诚科技,河南众诚信息科技股份有限公司,91410100772178124Q,http://www.zcst.com.cn,一家软件开发、信息系统集成服务提供商,众诚科技是一家软件开发、信息系统集成服务提供商，公司主营业务为信息系统集成服务，公司提供的主要产品或服务包括信息系统集成服务、软件开发和相关配套设备销售。,企业服务,企业IT服务,河南,郑州,2005-03,运营中,,郑州市金水区文化路82号硅谷广场2号楼8层806号,037-16355-1999,,梁侃,董事长,,
路桥信息,厦门路桥信息股份有限公司,9135020070548149XE,http://www.xmrbi.com,一家交通行业信息化解决方案提供商,路桥信息是一家交通行业信息化解决方案提供商，专注于为交通行业用户提供信息化解决方案的研发、设计、销售、实施及相关技术服务，具体包括交通机电、管养信息化、智慧工地和智慧停车等信息化解决方案。,企业服务,行业信息化及解决方案,福建,厦门,2001-07,运营中,,厦门市软件园三期诚毅大街370号1801单元、1802单元、1803单元、1804单元,059-2592375-9979 ,1989222379@qq.com,于征,董事长,,
盈趣科技,厦门盈趣科技股份有限公司,913502005750038518,http://www.intretech.com/,民用物联网及工业互联网系统集成服务商,盈趣科技是一家民用物联网及工业互联网系统集成服务商，基于物联网技术，形成了以工业机器人、智能家居、智能制造、车联网、第三方软件服务-UMS联合管理平台为一体的完整产业链。,企业服务,其他企业服务,福建,厦门,2011-05,运营中,,福建省厦门市火炬高新园区嘉禾路588号,0592-579-7666,,谢发炎,创始人,,
三维装备股份,镇江三维输送装备股份有限公司,91321100761019494Q,http://www.sanweijs.com,专注于胶带产品设计生产的企业,三维装备股份是一家专业从事输送机械配件产品的研制开发、生产、销售与服务的制造型企业，产品涵盖工程塑料、橡胶及金属制品类。主要产品为畚斗、提升带、畚斗紧固螺钉等等。,企业服务,行业信息化及解决方案,江苏,镇江,2004-04,运营中,,镇江高新技术产业开发园区潘宗路1号,153-5860-8141,market@sanweijs.com,李光千,董事长,,
威派格,上海威派格智慧水务股份有限公司,913100005791928139,http://www.shwpg.com,智慧水务解决方案提供商,威派格智慧水务是一家智慧水务解决方案提供商，主要产品有VII智联供水设备、TII分质供水设备、WPD自来水加压泵站、稳压补偿式无负压供水设备及箱式无负压供水设备等，此外公司还涉及智慧供水管理平台系统的部署、调试与维护服务。,企业服务,行业信息化及解决方案,上海,嘉定区,2011-07,运营中,,上海市嘉定区恒定路1号,021-6908-0888 ,shanghaiwpg@163.com,李纪玺,董事长,,
广脉科技,广脉科技股份有限公司,913301085930545135,http://www.gcomtechnology.com,无线通信网络优化,广脉科技是一家无线通信网络优化领域集研发、销售及相关服务于一体的高新技术企业，致力于提供无线通信网络优化整体解决方案及一站式服务，包括设计、施工、调试、优化及后续的技术服务等.公司主要产品包括室分/WLAN、管线传输、宽带、设备安装等无线公网通信系统集成服务、铁路、广电、公安等专网无线通信系统集成服务、“智慧城市”系统集成服务、公网及专网定制化产品供应等。,企业服务,企业IT服务,浙江,杭州,2012-03,运营中,,杭州市滨江区西兴街道滨康路101号7幢606室,0571-8761-5685,gcom_gm@126.com,赵国民,总经理,,
福昕软件,福建福昕软件开发股份有限公司,91350100731862878C,http://www.foxitsoftware.cn,PDF电子文档解决方案提供厂商,福建福昕软件开发股份有限公司（Foxit Software Incorporated）是一家国际化运营的PDF电子文档解决方案提供厂商，是国际PDF协会主要成员、中国版式文档OFD标准制定成员。福昕在亚洲、美洲、欧洲和澳洲设有多家子公司，福昕直接用户已超过5.6亿，企业客户数达10万以上，遍及世界200多个国家和地区。福昕的核心技术具有跨平台、高效率、安全等优势，产品与服务覆盖桌面、互联网与移动互联网，被广泛应用于各行业的个人、企业、机构的文档应用服务领域。一大批全球知名企业如微软、谷歌、亚马逊、英特尔、戴尔、康菲石油、培生集团、纳斯达克、德国商业银行、中国移动、中建、中铁建、联想、腾讯、百度、科大讯飞、当当等使用了福昕的授权技术或通用产品，福昕软件助推相关行业解决方案的不断丰富与发展。,企业服务,办公OA,福建,福州,2001-09,运营中,,福州市鼓楼区软件园G区5号楼,0591-3850-9808,sales@foxitsoftware.cn,熊雨前,董事长,,
捷安高科,郑州捷安高科股份有限公司,91410100739082104K,http://www.jantech.cn,虚拟仿真培训解决方案提供商,捷安高科是一家虚拟仿真培训解决方案提供商，主营业务是为轨道交通领域提供模拟仿真实训系统产品，主要产品包括轨道交通制动系列、轨道交通运营管理系列、特种作业系列等，并提供轨道交通、安监考培、工业焊接等解决方案。,企业服务,行业信息化及解决方案,河南,郑州,2002-06,运营中,,郑州高新开发区翠竹街6号,0371-8658-9327,hr@jiean.net,郑乐观,董事长	,,
龙软科技,北京龙软科技股份有限公司,911101087355893625,http://www.longruan.com,煤炭企业IT服务提供商,"龙软科技是一家煤炭企业IT服务提供商，公司成立于2002年,是中关村国家自主创新示范区的高新技术企业,公司以自主研发的“龙软专业地理信息系统”为核心,服务于煤炭、石油天然气等能源行业以及安全监察、国土资源等政府部门,提供数字矿山、应急救援管理、国土资源管理、安全监管平台等专业解决方案。",企业服务,企业IT服务,北京,海淀区,2002-02,运营中,,北京市海淀区中关村东路66号世纪科贸大厦C座2106室,010-6267-0052,LR@longruan.com,,,,
华是科技,浙江华是科技股份有限公司,913300007042039575,http://www.zjwhyis.com/,智慧城市及互联网应用综合解决方案提供商,华是科技是一家智慧城市及互联网应用综合解决方案提供商，致力于新型智慧城市建设服务，研发了工业自动控制系统、检察院审讯指挥系统、水路智能交通监控系统、智能建筑管理系统、治安动态安防监控系统等产品。,企业服务,行业信息化及解决方案,浙江,杭州,1998-06,运营中,,杭州市古墩路7号西湖广电中心7楼,0571-2800-0066,zjhs@zjwhyis.com,俞永方,董事长,,
佳缘科技,佳缘科技股份有限公司,91510100209459605G,http://www.scjydz.com/index.html,一家建筑智能化信息系统工程研发商,佳缘科技是一家独具优势专业、资质优势的综合建筑智能化信息系统服务提供商，公司的主要业务链涵盖智能化工程的前期咨询、方案设计、软件开发、工程施工、系统集成，以及智能化设备的研发销售等各个环节。,企业服务,行业信息化及解决方案,四川,成都,1994-08,运营中,,成都高新区繁雄大道西段399号城南科技广场6号楼1110-1112号,028-6212-2223,789917@vip.sina.com,王进,董事长,,
国义招标,国义招标股份有限公司,914400001903718642,http://www.gmgitc.com,专业招标代理服务商,国义招标是一家专业招标代理服务商，主要为医疗、交通、能源、电信、环保、市政工程等领域的客户提供招标代理服务及招标后续采购增值服务。,企业服务,客户服务,广东,广州,1995-12,运营中,,广东省广州市越秀区东风东路726号16-18楼, 020-3786-0689,goyi@ebidding.com,王卫,董事长,,
国源科技,北京世纪国源科技股份有限公司,91110102782527551G,http://www.gykj.com.cn/,不动产数字化建设与应用服务提供商,国源科技是一家不动产数字化建设与应用服务提供商，集地理信息研究、开发和数据采集加工、应用为一体，主要从事软件开发、数据库建设、图形采集、数据录入，土地规划及地矿规划设计，摄影测量与遥感影像加工，工程测量，地籍测量，地理信息系统工程，计算机网络工程等业务。,企业服务,企业IT服务,北京,西城区,2005-10,运营中,,北京市西城区西直门外大街1号院西环广场T210C11、10C12号房间(德胜园区),010-5830-1676,1002364763@qq.com,董利成,董事长,,
经纬天地,广东经纬天地科技有限公司,91440400748032459A,http://www.wellcell.com.cn,为移动运营商提供软件产品和技术服务,经纬天地是一个专业为移动运营商提供软件产品和技术服务的高新技术企业。公司主要提供移动通信领域的无线网络的优化服务、相关产品研发等业务，主要客户包括中国集团及各省分公司；中国联通集团及国内分公司。,企业服务,企业IT服务,广东,珠海,2003-03,运营中,,珠海市香洲区银桦路598号一栋1单元701-703房,0756-222-9101,,贾正屹,总经理,,
泽达易盛,泽达易盛（天津）科技股份有限公司,911201160612051730,http://www.sino-essence.com,食品药品流通领域信息化服务提供商,泽达易盛是一家食品药品流通领域信息化服务提供商，业务范围覆盖食品、药品生产及流通领域监督服务信息化、农业信息化的软件开发、系统集成及技术服务，同时构建了基于互联网及云平台的全程服务。,企业服务,行业信息化及解决方案,天津,滨海新区,2013-01,运营中,,天津开发区黄海路276号泰达中小企业园4号楼104号房屋, 022-6687-7858,zdys@itouch.com.cn,刘雪松,董事长,,
立昂技术,立昂技术股份有限公司,916501002999341738,http://www.leoncom.cn/#/index,综合性ICT服务提供商,立昂技术是一家综合性ICT服务提供商，专注于为政府机构、社会团体、各大运营商及其他用户群体提供通信网络代维服务和通信网络施工等服务，主营业务覆盖通信工程设计、建设、系统集成、网络维护、网络服务等领域。,企业服务,综合企业服务,新疆,乌鲁木齐,1996-01,运营中,,新疆乌鲁木齐经济技术开发区喀什西路545号美丽家园3层办公楼30号,0991-368-0350,leon@leoncom.cn,王刚,董事长,,
殷图网联,北京殷图网联科技股份有限公司,91110108769363441L,http://www.intodigit.com,电力行业综合监控解决方案提供商,殷图网联是一家电力行业综合监控解决方案提供商，主要从事电力变电站远程综合监控设备及系统的设计、研发和销售。,企业服务,行业信息化及解决方案,北京,海淀区,2004-11,运营中,,北京市海淀区上地东路35号院1号楼2层1-202-205、1-202-206、1-202-207,010-8245-8359,hr@intodigit.com,郑三立,总经理,,
广厦环能,北京广厦环能科技股份有限公司,911101147226688971,http://www.groundsun.com,强化传热技术解决方案提供商,广厦环能是一家强化传热技术解决方案提供商，主要从事强化传热技术及其配套设备研发、设计、生产、销售及服务，为客户提供专业的传热技术解决方案以及高效换热产品，以满足国家不断提高的环保、节能要求，以及客户装置大型化、集约化需求。主要产品有高通量管系列换热产品、波纹管系列换热产品、低翅片管系列换热产品、高真空冷凝系列产品、粉体流换热系列产品、其他容器类产品。,企业服务,行业信息化及解决方案,北京,昌平区,2001-02,运营中,,北京市昌平区科技园区超前路9号B座2097室,010-8286-4488,gsxuliang96@163.com,刘永超,总经理,,
金现代,金现代信息产业股份有限公司,91370100733715775E,http://www.jxdinfo.com,行业信息化解决方案提供商,"金现代是一家行业信息化解决方案提供商，致力于电力、铁路、军工、石化、公安等领域的信息化建设。公司拥有具备自主知识产权的开发设计技术及专业团队。
",企业服务,行业信息化及解决方案,山东,济南,2001-12,运营中,,山东省济南市高新区新泺大街1166号奥盛大厦2号楼21层东区2101,0531-8887-2666,hucm12@163.com,黎峰,董事长,,
索辰科技,上海索辰信息科技股份有限公司,91310000785643574Y,http://www.demxs.com/,系统软硬件研发及SAAS服务,索辰信息基于全球最佳实践和领先技术，为客户提供产品全生命周期协同研制系统软硬件、SAAS服务。产品和服务覆盖研发前沿工程、数字化设计及智能制造。客户广泛分布在重型机械、地面交通、电子、建筑、航空、航天、光电、动力设备等行业。,企业服务,行业信息化及解决方案,上海,浦东新区,2006-02,运营中,,上海市浦东新区金苏路200号D栋5楼;中国（上海）自由贸易试验区新金桥路27号13号楼2层,021-3429-3331,shelly.xie@demxs.com,陈灏,董事长兼总经理,,
伊登软件,深圳市伊登软件有限公司,91440300745156499M,http://www.edensoft.com.cn,综合IT解决方案及云服务提供商,伊登软件为中国的综合IT解决方案及云服务提供商，于中国IT服务行业拥有超过16年经验。业务组合包括提供IT基础设施服务、IT实施及支持服务以及云服务。,企业服务,企业IT服务,广东,深圳,2002-11,运营中,,深圳市福田区深南大道1006号深圳国际创新中心A栋02层西,0755-8826-2588, wunm@edensoft.com.cn,丁新云,总经理,,
华信永道,华信永道（北京）科技股份有限公司,911101086646328871,http://www.yondervision.com.cn,住房公积金行业和银行信息化解决方案,华信永道是一家提供住房公积金及银行业数字化解决方案的供应商和服务运营商，为全国各地的住房公积金管理机构和银行提供多跨场景的信息系统相关的软件定制开发、维护服务、第三方产品销售与集成、外包服务等业务。,企业服务,企业IT服务,北京,海淀区,2007-07,运营中,,北京市海淀区知春路113号银网中心B座817,010-8493-3266 ,wanghua@yondervision.com.cn ,刘景郁,总经理,,
浩辰软件,苏州浩辰软件股份有限公司,91320000733334390E,http://www.gstarcad.com,CAD产品及解决方案提供商,浩辰软件是一家CAD产品及解决方案提供商，公司产品包括浩辰CAD平台软件和基于浩辰CAD平台的专业软件等，整体解决方案可应用于工程建设、制造业等设计领域。,企业服务,行业信息化及解决方案,江苏,苏州,2001-11,运营中,,苏州工业园区东平街286号,0512-6288-0780,support_ss@gstarcad.com,胡立新,董事长,,
正元地信,正元地理信息集团股份有限公司,91110000267130226N,http://www.geniuses.com.cn/,智慧城市建设及运营综合服务商,正元地信是智慧城市建设及运营综合服务商。产品及服务涵盖“海、陆、空、地‘四位一体’空间数据获取”、“数据处理”、“智慧城市建设”三大板块，拥有“地上地下智慧空间整体框架设计”、“海、陆、空、地‘四位一体’数据采集”、“数据处理及综合监管平台建设”、系统运营与维护及其他5个业务领域。利用正元自主研发的“正元地球”GIS平台——正元三维空间信息云平台，能够提供从平台设计、应用开发、项目实施、维护运营等智慧城市建设专项服务。,企业服务,行业信息化及解决方案,北京,顺义区,1999-03,运营中,,北京市顺义区国门商务区机场东路2号2A组团2号楼, 010-5329-6122,zy@geniuses.com.cn,杨玉坤,董事长,,
宏景科技,宏景科技股份有限公司,91440101618097617B,http://www.gloryview.com,智慧城市综合服务商,宏景科技是一家智慧城市综合服务商，主要从事建筑智能化、计算机信息系统集成、安防以及软件应用系统的规划、设计、开发、实施和维护等服务，在智慧医疗、智慧交通、智慧政务、智慧旅游等领域提供解决方案。,企业服务,行业信息化及解决方案,广东,广州,1997-03,运营中,,广州高新技术产业开发区科学城科学大道162号B2区第七层701、702单元,020-3221-1688 ,welcome@gloryview.com,林山驰,总经理,,
日月明,江西日月明测控科技股份有限公司,91360106784146840K,http://www.rym.com.cn,铁道测控产品制造商,日月明是一家铁道测控产品制造商，从事铁道测控产品的研发、生产、销售和服务，主要产品是GJY-T-EBJ-2型轨道检查仪，具有精度高、在线分析处理、采样点密集、报表输出多样的特点；此外还为铁路高速化与信息化提供完整的精密数字化检测方案。,企业服务,前沿技术,江西,南昌,2006-03,运营中,,江西省南昌市高新技术产业开发区高新四路999号,0791-8819-7852,sunnylou123@163.com,陶捷,董事长,,
米奥兰特,浙江米奥兰特商务会展股份有限公司,91330100557910132M,http://www.meorient.com,从事境内外会展业务策划,米奥会展是一家主营出国办展业务(包括境外自办展和境外代理展)及境内自办展业务的企业。致力于提供会展服务涵盖会展项目的策划、会展实施、展位销售以及展览相关的配套服务。按照承办展览业务类型可分为境外自办展、境内自办展以及境外代理展。,企业服务,销售营销,浙江,杭州,2010-06,运营中,,杭州市经济技术开发区白杨街道6号大街452号3幢912号房, 0571-8672-3222 ,,潘建军,董事长,,
球冠电缆,宁波球冠电缆股份有限公司,913302007960175287,http://www.qrunning.com,电线电缆生产商,球冠电缆是一家电线电缆生产商，主要产品为500kV及以下级别电线电缆，产品应用涉及电力、能源、交通、智能装备、石化、冶金、工矿、通讯、建筑工程等多个领域。,企业服务,企业IT服务,浙江,宁波,2006-12,运营中,, 宁波市北仑区小港街道姚墅,0574-8619-7411, qiuguan@qrunning.com,陈永明,董事长,,
龙磁科技,安徽龙磁科技股份有限公司,91340100153671403J,http://www.sinomagtech.com,永磁铁氧体材料研发商,龙磁科技是一家永磁铁氧体材料研发商，主要从事永磁铁氧体磁性电子元件的研发、生产和销售，产品广泛应用于汽车、家电、摩托车、音响、电动工具、健身器材等领域。,企业服务,企业IT服务,安徽,合肥,1998-01,运营中,,安徽省合肥市庐江县郭河镇工业区,0551-6286-5330, figohl@sinomagtech.com,熊永宏,董事长,,
通业科技,深圳通业科技股份有限公司,91440300726171714C,http://www.sz-tongye.com.cn/,轨道交通用电力设备生产制造企业,"通业科技是一家关于轨道交通用电力设备生产制造的企业，形成了电源、网络控制两大类产品类别，产品涉及电源系统、控制监控系统TCMS、控制设备、测试设备、传感器、电连接器等,运用于电力机车、内燃机车和地铁等车辆上。",企业服务,企业IT服务,广东,深圳,2000-12,运营中,,深圳市龙华新区观澜街道桂花社区观光路美泰工业园三号厂房一至四层,0755-2808-3364,wangying@sz-tongye.com,闫永革,总经理,,
EMTEK检测,深圳信测标准技术服务股份有限公司,914403007230301820,http://www.emtek.com.cn/,第三方检测认证平台,EMTEK检测是第三方检测认证平台，主要从事Safety、EMC、环境可靠性、新能源检测、认证等技术服务，用户遍及家用电器、音视频设备、信息技术设备、电池、灯具、玩具等领域。,企业服务,科研和社会服务,广东,深圳,2000-07,运营中,,深圳市南山区马家龙工业区69栋,132-6906-2182 , 694014053@qq.com ,吕文娟,CEO,,
捷顺科技,深圳市捷顺科技实业股份有限公司,914403002794141894,,通道管理设备与安防智能系统解决方案供应商,捷顺科技是一家通道管理设备与安防智能系统解决方案供应商，公司基于电子、智能及互联网、物联网技术的研究，先后研发了智能停车场管理系统、智能门禁管理系统、智能通道闸管理系统及智能一体化安防解决方案。产品包括捷停车及捷生活APP、停车场智能硬件、城市级智能一卡通系统、停车场智能管理平台、智慧商业O2O运营平台等。,企业服务,企业安全,广东,深圳,1992-06,运营中,,深圳市福田区梅林街道龙尾路10号捷顺科技,0755-8311-2288,xz@jieshun.cn,唐健,董事长,,
高凌信息,珠海高凌信息科技股份有限公司,914404007211055669,http://www.comleader.cn,一家系统产品和解决方案提供商,高凌信息是一家系统产品和解决方案提供商，专注于从事环境信息自动监测系统与国家专用信息网络装备研制开发、系统集成、生产销售及技术服务。,企业服务,行业信息化及解决方案,广东,珠海,1999-12,运营中,,珠海市南屏科技工业园屏东一路1号,0756-868-3888,Service@comleader.com.cn,冯志峰,总经理,,
汉鼎股份,汉鼎宇佑互联网股份有限公司,913300007441437848,http://www.hakim.com.cn,以智慧城市为主体的综合性企业,汉鼎股份是一家以智慧城市业务起步，目前已全面转型为以创新金融、智慧互联为核心助推力的泛娱乐产业集团。主营业务包括：娱乐体验（快乐体验、快乐内容），创新金融（金融控股、金融科技、战略投资）、智慧互联（智能技术、大数据及人工智能、互联网流量）三大板块。,企业服务,综合企业服务,浙江,杭州,2002-11,运营中,,杭州市下城区永福桥路5号汉鼎国际大厦;浙江省杭州市延安路511号元通大厦1119室,0571-8649-3333,hakim@hakim.com.cn ,吴艳,CEO,,
罗曼股份,上海罗曼照明科技股份有限公司,913100006314149553,http://www.shluoman.cn,城市景观照明整体方案提供商,罗曼股份为国内知名的城市景观照明整体方案提供商，专业从事城市及区域性景观照明的整体规划和设计、施工及专业照明、节能改造项目的实施。,企业服务,行业信息化及解决方案,上海,杨浦区,1999-03,运营中,,上海市杨浦区秦皇岛路32号G楼,021-6503-1217,shlm@shluoman.cn,花泽炜,副总经理,,
品茗股份,杭州品茗安控信息技术股份有限公司,91330100577330709E,http://www.pinming.cn,建设工程施工安全物联网服务商,"品茗股份系一家专业从事建筑工程机械安全监控系统、备案系统等工程建设行业软件研发和销售的高科技企业。目前,公司的主营业务为软件产品的开发及销售、技术服务,主要产品包括施工升降机安全监控管理系统、塔机安全监控管理系统、建筑工程起重机械备案管理系统、物联网监管平台系统等软件及嵌入式系统产品。",企业服务,企业安全,浙江,杭州,2011-07,运营中,,杭州市西湖区西斗门路3号天堂软件园B幢5楼C座,0571-5603-5577,duandonglan@pinming.cn,莫绪军,董事长兼总经理,,
并行科技,北京并行科技股份有限公司,91110108799022234R,http://www.paratera.com,注于高性能计算和大数据分析领域的技术企业,并行科技提供数据中心建设、在线运维、运营大数据采集分析、业务运行优化等服务，是一家专注于高性能计算和大数据分析领域的技术企业。并行科技的主营业务包括数据中心集群系统建设、公有云7*24小时数据中心在线运维服务、私有云数据中心无人值守自动化运维解决方案、数据中心运营大数据采集分析挖掘可视化服务、应用运行特征分析、系统和应用优化服务等。,企业服务,企业IT服务,北京,海淀区,2007-02,运营中,,北京市海淀区西北旺东路10号院东区21号楼101-301,010-8278-0511,mmx050615@163.com,陈健,董事长兼总经理,,
铜牛信息,北京铜牛信息科技股份有限公司,91110108780984409U,http://www.topnewinfo.cn/,信息技术综合解决方案服务商,"铜牛信息是一家专业的信息技术综合解决方案服务商,主营业务包括两类,即向客户提供通信服务与软件开发服务。公司所经营的通信服务包括数据中心服务、互联网接入服务与配置中心服务。",企业服务,行业信息化及解决方案,北京,东城区,2005-09,运营中,,北京市东城区天坛东路31号,010-5218-6933,info@topnewinfo.cn,张为民,董事长,,
山大地纬,山大地纬软件股份有限公司,91370000614070564Q,http://www.dareway.com.cn,电子政务及电力行业的软件产品供应商,"山大地纬是国内知名的电子政务及电力行业的软件产品供应商、行业先进解决方案提供商,以及系统集成、技术支持与运维服务提供商。同时获得人力资源和社会保障部全部信息系统业务资格认证和核心平台前台技术支持商资格的8家软件企业之一,主要面向相关政府部门和各类服务对象提供信息化建设整体解决方案、应用软件产品、系统平台建设和持续的技术支持与运维服务。产品与服务覆盖社会保险、人力资源及劳动就业、人事人才、劳动关系等业务领域,服务对象包括各级人力资源和社会保障政府部门、各级业务经办机构、各级基层服务机构、各类医保定点医疗机构、所有机关企事业单位和城乡各类人群。",企业服务,行业信息化及解决方案,山东,济南,1992-11,运营中,,山东省济南市高新区港兴一路300号,0532-5852-0267,zhangm@dareway.com.cn,李庆忠,董事长,,
先导智能,无锡先导智能装备股份有限公司,91320200735716149R,http://www.leadchina.cn/cn/index.htm,新能源智能装备研发制造商,先导智能是一家新能源智能装备研发制造商，目前已成长为全球领先的新能源装备提供商，业务涵盖锂电池智能装备、光伏智能装备、3C智能装备、智能物流系统、汽车智能产线、燃料电池智能装备、激光精密加工、机器视觉等八大领域。,企业服务,前沿技术,江苏,无锡,2002-04,运营中,,江苏省无锡市国家高新技术产业开发区新锡路20号,0510-8116-3688,purchase@leadchina.cn,王燕清,董事长,,
左江科技,北京左江科技股份有限公司,91110108666269874J,,信息安全领域核心技术的研发与应用,左江科技致力于信息安全领域核心技术的研发与应用，专业从事网络信息安全应用相关的硬件软件平台、板卡的设计、开发及提供全套解决方案，用于满足各行业的信息安全领域的定制开发、生产。,企业服务,企业安全,北京,海淀区,2007-08,运营中,,北京市海淀区高里掌路3号院9号楼1层101、2层201,010-8811-2303 ,cw@zj-kj.net,肖方,监事,,
远光软件,远光软件股份有限公司,91440400707956364B,http://www.ygsoft.com/,电力行业企业管理软件及服务的主流供应商,远光软件股份有限公司是电力行业企业管理软件及服务的主流供应商，为深交所上市公司（股票代码：002063），在电力行业企业管理软件领域占有80%以上的市场份额。公司总部位于珠海科技创新海岸远光软件园。,企业服务,行业信息化及解决方案,广东,珠海,1998-12,运营中,,,,,陈利浩,董事长,,
百家云,百家云集团有限公司,91110108MA00EMPG3T,http://www.baijiayun.com,一站式视频技术服务商,百家云是一家为企业解决视频技术应用领域各类痛点与需求的ToB视频云技术服务商。自成立以来，一直致力于通过音视频技术为企业数字化发展持续供能，目前已经向金融、教育、汽车、医疗等多个领域的知名企业及政府机构提供一站式视频技术服务。作为一家创新驱动型科技公司，百家云打造了视频SaaS/PaaS业务、视频云产品和软件、视频系统解决方案”三大类产品服务，引领着全球实时互动云服务的发展。,企业服务,企业IT服务,北京,海淀区,2017-05,运营中,,北京市海淀区中关村软件园2号楼2C座,400-861-6716,service@baijiayun.com,李钢江,创始人兼CEO,,
同辉佳视,同辉佳视（北京）信息技术股份有限公司,91110108678778801X,http://www.bjb.com.cn,一家智慧城市解决方案技术企业,同辉佳视是一家智慧城市解决方案技术企业，致力于提供大屏幕显示系统、智慧互动教学系统、多媒体音视频集成系统、新型智能安防系统等综合解决方案，同时为智慧城市建设提供专业的智能解决方案及运营服务，客户覆盖交通、广电、教育、传媒、安防、政府、能源等行业领域。,企业服务,行业信息化及解决方案,北京,海淀区,2008-07,运营中,,清河毛纺路临57号院北楼一层101室及二层,010-8247-6677,maxiujuan@bjb.com.cn,戴福昊 ,CEO,,
数字政通,北京数字政通科技股份有限公司,91110000801160143K,http://www.egova.com.cn/,数字化城市管理、创新社会管理、智能交通解决方案、平安城市解决方案等领域的企业,数字政通是一家数字化城市管理、创新社会管理、智能交通解决方案、平安城市解决方案等领域的企业，专注于为客户提供并实施包括数字化城市管理、城市三维实景测量、地下管线、网格化社会管理、电子警察、治安卡口、城市监控、智能停车场管理在内的与智慧城市建设相关的海量的解决方案。,企业服务,行业信息化及解决方案,北京,海淀区,2001-11,运营中,,东北旺西路8号中关村软件园9号楼国际软件大厦,010-5616-1666,egova@egova.com.cn,吴强华,董事长,,
飞利信科技,北京飞利信科技股份有限公司,91110000743325201J,http://www.philisense.com/index.html,政府信息化全面解决方案提供商,飞利信科技是一家政府信息化全面解决方案提供商，公司致力于计算机信息系统集成、建筑智能化工程承包、 建筑智能化系统设计、涉密信息系统集成、音视频系统集成等，目前公司专注于智慧城市、智能会议、大数据和互联网教育四大业务版块，为客户提供相对应的整体解决方案服务。,企业服务,行业信息化及解决方案,北京,海淀区,2002-10,运营中,,塔院志新村2号金唐酒店3层3078 ,010-6095-8301 ,chengyaqian@philisense.com,杨振华 ,总经理,,
赛意信息,广州赛意信息科技股份有限公司,914401017695403218,http://www.chinasie.com/,专注企业信息化管理咨询与企业信息系统建设服务,广州赛意是一家企业信息化相关服务提供商，专注企业信息化管理咨询与企业信息系统建设服务，为中高端企业提供ERP、CRM、PLM、企业协同系统、制造执行系统的实施、软件系统集成与开发、培训与维护等服务。,企业服务,企业IT服务,广东,广州,2005-01,运营中,,天河区珠江东路12号16楼1603-1605单元,020-3887-8880,,张成康,董事长,,
航天长峰,北京航天长峰股份有限公司,9111000010110284XC,http://www.ascf.com.cn,航天防务科技应用公司,航天长峰是一家航天防务科技应用公司。该公司致力于国家安全防务、政府和企业信息安全、人类生命救护及环境保护事业，主业定位于国际、国内安保科技高端技术的设计与实施、物联网技术及应用、医疗器械与工程等领域。,企业服务,行业信息化及解决方案,北京,海淀区,1992-12,运营中,,,,,全春来,董事,,
容知日新,安徽容知日新科技股份有限公司,91340100664238732X,http://www.ronds.com.cn,工业互联网领域的高新技术企业,容知日新是一家工业互联网领域的高新技术企业，该公司专注于工业装备的在线监测、智能诊断和云服务，运用无线传感器网络和大数据技术为工业企业提供装备智能运维解决方案。,企业服务,行业信息化及解决方案,安徽,合肥,2007-08,运营中,,高新区望江西路800号动漫基地B1-8楼,0551-6533-5195,mengying.tang@ronds.com.cn,聂卫华,创始人,,
真视通科技,北京真视通科技股份有限公司,91110000722672781M,http://www.bjzst.cn/,信息技术和多媒体视讯综合服务与解决方案提供商,真视通科技是一家信息技术和多媒体视讯综合服务与解决方案提供商，专注于向客户提供包括集成服务、定制服务、业务服务和运营服务的全方位服务。主要服务于政府部门、中央企业以及金融业客户。,企业服务,行业信息化及解决方案,北京,丰台区,2000-05,运营中,,科学城航丰路9号10层1002号[园区],010-5922-0168 ,hougq7127@zzstworld.com,胡小周 ,董事长,,
安博通,北京安博通科技股份有限公司,91110108663136638D,http://www.abtnetworks.com,可视化网络安全专用核心系统产品与安全服务,安博通是国内领先的可视化网络安全专用核心系统产品与安全服务提供商。其自主研发的ABT SPOS可视化网络安全系统平台，已成为众多一线厂商与大型解决方案集成商广泛搭载的网络安全系统套件，是国内众多部委与央企安全态势感知平台的核心组件与数据引擎。形成了以深度安全网关、融合应用网关、数据分析与综合运维平台等为核心的产品系列组合，重点面向经营服务型网络、园区网、网络运营商、无线安全运营、大型行业内网等主要客户业务场景，在政府、军工、金融、运营商、企业、教育等多个行业领域均获得成功应用。,企业服务,企业安全,北京,西城区,2007-05,运营中,,北京市西城区裕民路18号北环中心大厦2602室,010-8069-9886,hanyafei@sapling.com.cn,钟竹,董事长,,
易联众,易联众信息技术股份有限公司,91350200612040492E,http://www.ylzinfo.com,民生行业应用解决方案提供商,易联众是一家民生行业应用解决方案提供商和民生信息服务供应商，重点围绕“医疗保障、卫生健康、人力资源与社会保障”等民生领域，专注打造全方位的整体解决方案和产品与技术服务体系。易联众旗下有“民生信息服务云计算平台”，面向政府、企业和社会公众提供金融社保卡、自助服务终端及在医疗健康、社会保障、就业服务、教育、住房等民生领域的易用便捷的全线产品和服务。,企业服务,行业信息化及解决方案,福建,厦门,2000-07,运营中,,福建省厦门市思明区软件园二期观日路18号502,0592-251-7033,,张曦,董事长,,
新开普电子,新开普电子股份有限公司,91410100721832659Y,http://www.newcapec.com.cn,智能卡及RFID技术应用开发商,"新开普电子是一家致力于开发以智能卡及RFID技术为基础的各类行业应用解决方案的公司,面向城市、校园、企事业以及银行和电信运营商，从事智能一卡通系统的平台软件、应用软件及各类智能卡终端的研发、生产、集成、销售和服务业务，旗下产品包括电子支付类、智能水电类、身份识别类、射频识别产品、智能燃气表等。",企业服务,行业信息化及解决方案,河南,郑州,2000-04,运营中,,河南省郑州市高新技术产业开发区迎春街18号,4006300248,,杨维国 ,CEO,,
银基集团,银基贸易发展（深圳）有限公司,91440300777198212C,http://www.silverbase.com.cn,致力于建立酒类产品的经销网络及渠道管理,"银基集团为酒类营运商,致力于建立酒类产品的经销网络及渠道管理，经销多个高质素的酒类产品，致力提升用家对白酒享用的经验及迎合用家不同味道的喜嗜，于不同市场推广不同品味及价位的白酒产品，并积极创新和白酒供应商钻研开发更多新产品以迎合更多用家的需求，开发市场空间。",企业服务,销售营销,广东,深圳,2005-12,运营中,,广东省深圳市宝安区深圳市宝安区留仙二路美生创谷智谷楼,0755-2583-3158,jf_wang@silverbase.com.cn,梁国兴,CEO,,
新炬网络,上海新炬网络信息技术股份有限公司,91310118320863016N,http://www.shsnc.com/,数据分析及计算机技术开发商,新炬网络服务范围涉及第三方运维服务与工程、原厂软硬件及服务销售、软件产品及开发三大领域。基于丰富的服务经验，公司自主研发了异构数据库智能管理平台（ZnSQL）、全栈智慧运维平台（ZnAiops）、大数据日志分析&安全事件管理平台（ZnSoc）、企业数据中台（ZnDams）等产品，为电信、金融、能源、交通、政府等行业客户提供“服务+产品”模式的综合解决方案。,企业服务,数据服务,上海,青浦区,2014-11,运营中,,上海市中山北路2000号中期大厦三楼,021-5290-8588,IR@shsnc.com,孙星炎,CEO,,
普元信息,普元信息技术股份有限公司,91310000748756174J,http://www.primeton.com,软件基础平台与解决方案提供商,普元是一家软件基础平台与解决方案提供商，主要面向大中型企业、政府机构及软件开发商提供SOA、大数据、云计算三大领域的软件基础平台及解决方案，用以满足上述组织信息化建设对关键技术的需求，帮助上述组织的业务在云计算和移动互联时代向数字化转型。,企业服务,行业信息化及解决方案,上海,浦东新区,2003-03,运营中,,中国（上海）自由贸易试验区碧波路456号4楼;上海市浦东新区中国（上海）自由贸易试验区碧波路456号4楼,021-5080-5188,xull@primeton.com,刘亚东,CEO,,
北信源,北京北信源软件股份有限公司,91110000101967333M,http://www.vrv.com.cn,信息安全产品及整体解决方案供应商,北信源是一家信息安全产品及整体解决方案供应商。主营业务包含软件开发、计算机系统服务，数据处理，计算机维修，基础软件服务，应用软件服务，计算机软、硬件的生产等项目。,企业服务,企业IT服务,北京,海淀区,1996-05,运营中,,北京市海淀区中关村南大街34号中关村科技发展大厦C座1602室,010-6214-0485,wangyan@vrvmail.com.cn,林皓,CEO,,
浩云科技,浩云科技股份有限公司,914401017268190159,http://www.haoyuntech.com,金融安防产品研发生产商,浩云科技是一家从事金融安防产品研发、生产、销售的高新技术企业，提供安防企业技防、电子与智能化工程承包、信息系统集成及服务等多项服务，研发了摄像机、现实与控制设备、存储设备等多种产品。,企业服务,企业安全,北京,朝阳区,2001-03,运营中,,北京市朝阳区望京悠乐汇C座3217室,010-8476-6428,,雷洪文,CEO,,
朗新科技,朗新科技集团股份有限公司,91320200747189665N,http://www.longshine.com,电力、能源行业解决方案供应商,朗新科技是一家为电力、能源及相关行业客户提供应用解决方案和服务的高新技术企业，公司立足于电力行业信息技术领域，为客户提供从电力营销、电力生产、电力市场到决策支持等的技术与服务解决方案。目前公司研发的产品有电网、水燃、光伏、能效、电动汽车的解决方案。,企业服务,行业信息化及解决方案,江苏,无锡,2003-05,运营中,,江苏省无锡市新吴区净慧东道90号无锡软件园天鹅座B栋10、11楼,0510-6667-6999,geping@longshine.com,郑新标,CEO,,
视声智能,广州视声智能股份有限公司,9144010156792962XQ,http://www.video-star.com.cn,智能建筑解决方案,视声智能是一家从事建筑智能化的企业。为全球高端住宅及商业空间提供智能家居、可视对讲等系统产品及一体化的解决方案。业务覆盖智能家居、智慧办公、智慧酒店、轨道交通、智慧商超、智慧医院等多个领域。,企业服务,行业信息化及解决方案,广东,广州,2011-01,运营中,,广东省广州市番禺区小谷围街中二横路22号A901-A902房,020-3933-8986,wangzx@video-star.com,朱湘军,CEO,,
慧博云通,慧博云通科技股份有限公司,911101056876404680,http://www.hydsoft.com,综合信息技术服务提供商,慧博云通致力于成为一家国际化、专业化、创新型的综合信息技术服务提供商，主营业务包括软件技术服务、专业技术服务、产品与解决方案三大板块。基于对各行业客户业务场景的理解，慧博云通以软件技术专业人才为载体，为国内和国际客户提供涵盖咨询、设计、开发、测试、运维等全周期的信息技术服务，助力企业客户产业数智化转型。,企业服务,综合企业服务,北京,海淀区,2009-03,运营中,,北京市海淀区上地东路5-1号京蒙高科A座,010-6439-0988,hydsoft@hydsoft.com,余浩,CEO,,
玄武云,广州市玄武无线科技股份有限公司,91440101563971249A,http://www.wxchina.com,智慧CRM服务行业提供商,玄武云科技是一家智慧CRM服务行业提供商，其综合智慧CRM服务能满足客户在公有云、私有云及混合云方面的不同需求，并通过开发新服务及增强现有服务的功能来捕捉复杂及客户需求。,企业服务,客户服务,广东,广州,2010-11,运营中,,广东省广州市天河区体育西路103号维多利广场B塔19层、32层、33层,400-100-0655,400@wxchina.com,陈永辉,CEO,,
汉得信息,上海汉得信息技术股份有限公司,9131000074027295XF,http://www.hand-china.com,企业数字化转型全面服务能力提供商,汉得信息是一家企业数字化转型全面服务能力提供商，以ERP咨询实施为主业，专注于为企业提供涵盖企业信息化建设全生命周期（规划、实施、定制开发、运维、升级等）的交付服务，自主研发的产品包括：租赁管理平台、移动业务管理系统、财务共享业务平台、精益制造管理系统、费控系统等一系列企业管理应用产品，业务涉及制造业、金融、通讯、电子商务、房地产等行业。,企业服务,数据服务,上海,青浦区,2002-07,运营中,,上海市青浦区汇联路33号,021-6700-2300,marketing@hand-china.com,陈迪清,CEO,,
天玑科技,上海天玑科技股份有限公司,91310000703400561X,http://www.phegda.com,数据服务及软硬件一体化服务商,天玑科技是一家移动互联网服务商，以大数据、云计算为核心，为客户提供数据交换，数据挖掘，数据分析，数据决策，数据应用等类型的软硬件一体化行业解决方案。,企业服务,数据服务,上海,徐汇区,2001-10,运营中,,上海市徐汇区桂林路406号（华鑫中心）2号楼12层,021-8023-1719,services@phegda.com,陆文雄,CEO,,
奥飞数据,广东奥飞数据科技股份有限公司,91440101767653410D,http://www.ofidc.com,互联网数据中心运营商,奥飞数据是一家从事企业数据平台建设的公司。公司专注于IDC和通信综合运营，主营业务包括数据中心服务（IDC）、数据灾备中心服务、云计算、CDN等服务和产品，公司为客户提供网络技术开发、商品信息咨询服务、电子产品开发、因特网数据中心业务、因特网接入服务业务、信息服务业务等服务。,企业服务,数据服务,广东,广州,2004-09,运营中,,广东省广州市南沙区进港大道80号421房,020-2863-0360,413069630@qq.com,冯康,CEO,,
吉大正元,长春吉大正元信息技术股份有限公司,91220000702580185D,http://www.jit.com.cn/,信息安全专业服务提供商,吉大正元是一家信息安全专业服务提供商，主要从事信息安全产品的研发、生产、销售，并提供安全咨询、安全集成和行业应用开发等服务。参与制定多项国家和行业PKI/PMI及信息安全相关标准。,企业服务,企业安全,吉林,吉林,1999-02,运营中,,前进大街2266号,0431-8517-3333, luyi_yu@jit.com.cn,高利,CEO,,
迪普科技,杭州迪普科技股份有限公司,91330108673990352B,http://www.dptech.com,从事网络安全及应用交付,杭州迪普科技股份有限公司（简称“迪普科技”）是在网络安全及应用交付领域集研发、生产、销售于一体的高科技企业。自主开发了高性能硬件架构APP-X、L2~7融合操作系统ConPlat、应用识别与威胁特征库APP-ID，并在此基础上推出了包括深度业务路由交换网关（DPX）、应用防火墙（FW）、入侵防御系统（IPS）、DPI流量分析设备、上网行为管理及流控（UAG）、应用交付平台（ADX）以及交换机、路由器等在内的十余类上百款产品。,企业服务,企业安全,浙江,杭州,2008-05,运营中,,浙江省杭州市滨江区通和路68号中财大厦6楼,0571-2828-0909,xuqiuya@dptechnology.net,郑树生,CEO,,
兴图新科,武汉兴图新科电子股份有限公司,914201007612421861,http://www.xingtu.com,音视频综合业务的网络应用平台,兴图新科电子是一家从事音视频综合业务的网络应用平台。公司专注于研究音视频技术在社会安全上的应用，主要研发openVone音视频中间件平台，形成面向公安、检察院、法院、司法、军队行业的一系列产品和解决方案。,企业服务,其他企业服务,湖北,武汉,2004-06,运营中,,湖北省武汉市东湖新技术开发区关山大道1号软件产业三期A3栋8层,027-8717-9095,xingtuxinke@163.com,程家明,CEO,,
东方国信,北京东方国信科技股份有限公司,91110000633027609B,https://www.bonc.com.cn/,从事数据软件开发,东方国信是一家专注大数据、云计算等领域核心技术的高科技软件企业，2011年成功在深交所创业板上市，股票代码300166。,企业服务,数据服务,北京,朝阳区,1997-07,运营中,,北京市朝阳区望京北路9号D座1108 ,010-6439-8920,investor@bonc.com.cn,管连平,CEO,,
海默科技,海默科技（集团）股份有限公司,91620000296610085H,http://www.haimo.com.cn,多相计量整体解决方案提供商,兰州海默是一家多相计量领域的技术公司。是集油气勘探开发、工程技术服务、石油装备销售、油田多相计量/测井服务、定向钻井服务以及钻采和压裂设备制造等业务于一体的综合类油田服务和设备公司，其核心能力在于，根据客户的需求提供最优的多相计量整体解决方案，并且将其快速投放市场。,企业服务,综合企业服务,甘肃,兰州,2000-12,运营中,,甘肃省兰州市城关区张苏滩593号,,,,,,
浪潮软件,浪潮软件股份有限公司,913700004941904564,http://www.inspur.com,企业管理软件开发商,浪潮软件，是一家软件公司，主要制作面向企业的产品，例如：浪潮大数据警务云平台，浪潮EXPRESS管理软件，浪潮GS企业管理软件等各类专业软件，利用自身软硬件优势，满足各类企业需要。,企业服务,行业信息化及解决方案,山东,泰安,1994-11,运营中,,山东省泰安市虎山路中段,0531-8510-5614,lcxxgs@163.com,王柏华,CEO,,
高伟达软件,高伟达软件股份有限公司,91110000633713369X,http://www.git.com.cn,数据中心管理服务,高伟达软件是一家移动互联网领域的金融公司，洞察并解决金融企业信息化需求，为众多金融客户提供包括应用软件设计、开发、应用咨询、系统软件以及大规模数据中心管理服务在内的全方位信息化服务。,企业服务,数据服务,北京,海淀区,2003-04,运营中,,北京市海淀区大慧寺8号北区20栋604房间,010-5732-1188,chenyan@git.com.cn,于伟,CEO,,
太极计算机,太极计算机股份有限公司,91110000101137049C,http://www.taiji.com.cn,IT基础设施服务商,太极计算机是一家企业服务公司，以咨询服务、行业解决方案服务、基础设施服务、运营服务等为主营业务，业务覆盖政务、金融、能源、冶金、公共事业等各行业信息化的领先企业，成功构建起涵盖战略规划、系统设计、软件开发、系统集成、运维外包等内容的太极一体化IT服务体系。,企业服务,企业IT服务,北京,海淀区,1987-10,运营中,,北京市海淀区北四环中路211号,010-8905-5355,yangcx@mail.taiji.com.cn,李建明,CEO,,
网达软件,上海网达软件股份有限公司,913100006987613616,http://www.wondertek.com.cn,移动互联网产品及服务提供商,网达软件是一家为电信运营商、广电媒体及金融保险提供移动互联网及互联网软件产品和服务的高新技术企业。公司自主研发了互联网业务运营管理系统、融合媒资管理系统、多格式多协议的视音频处理系统、全平台覆盖的客户端开发技术、数字营销推广等主要产品。,企业服务,综合企业服务,上海,浦东新区,2009-12,运营中,,上海市浦东新区自由贸易试验区新金桥路27号13号楼第3层西侧B单元,021-5030-1821,luting@wondertek.com.cn,冯达,CEO,,
东方中科,北京东方中科集成科技股份有限公司,911100007239681033,http://www.jicheng.net.cn/,电子测试测量领域综合服务提供商,东方中科是一家电子测试测量领域综合服务提供商，业务涵盖测试仪器销售、租赁、系统集成等方面，为用户提供维修维护、计量校准、资产管理、培训等技术服务，以及新能源汽车测试应用、通讯行业、EMC系统测试、光伏行业测试解决方案。,企业服务,综合企业服务,北京,海淀区,2000-08,运营中,,北京市海淀区阜成路67号银都大厦12层,010-6871-5566,webmaster@jicheng.net.cn,王戈,CEO,,
恒信移动,恒信东方文化股份有限公司,91130100732910720N,http://www.hxgro.com,专注于移动信息产品的销售与服务,恒信移动是一家专注于移动信息产品的销售与服务的公司，致力于为个人客户和行业客户提供从硬件到软件、从销售到服务的全面解决方案。公司的主要业务包括移动信息产品销售服务、移动信息服务平台建设和3G终端的应用等，构建移动商业信息服务新模式。,企业服务,客户服务,北京,海淀区,2001-11,运营中,,北京市海淀区蓝靛厂南路25号牛顿办公区北区11层,010-8884-6666,office@hxgro.com,孟宪民,CEO,,
皖通科技,安徽皖通科技股份有限公司,91340100711761244Q,http://www.wantong-tech.net,致力于提供整体解决方案,皖通科技是一家专业从事交通信息化建设领域系统集成、应用软件开发和运行维护服务的高新技术企业，致力于提供集专业性和适用性为一体的系统集成整体解决方案，并将其广泛应用到高速公路、港口码头、城市智能交通和物流跟踪等业务，以及司法和教育等各行业的信息化。,企业服务,行业信息化及解决方案,安徽,合肥,1999-05,运营中,,安徽省合肥市高新区皖水路589号,0551-6296-9227,wtkj@wantong-tech.net,王中胜,CEO,,
创意信息,创意信息技术股份有限公司,91510000201892738J,http://www.sc-troy.com,电信外包服务提供商,创意信息技术是一家电信外包服务提供商，致力于为电信外包服务中的电信级数据网络系统提供解决方案及技术服务，即为行业客户提供电信级数据网络和核心业务支撑平台系统的咨询评估、规划设计、开发调测和运营支撑等一站式综合技术服务。,企业服务,企业IT服务,四川,成都,1996-12,运营中,,四川省成都市高新西区西芯大道28号,028-8782-5555,troy@sc-troy.com,陆文斌,CEO,,
蓝盾股份,蓝盾信息安全技术股份有限公司,91440000707689817C,http://www.bluedon.com,综合性网络安全公司,蓝盾是一家以安全产品、安全服务、安全集成的综合性网络安全公司，致力于网络安全产品的研发，已自主研发出蓝盾防火墙、多功能安全网关(UTM)等多种产品，并以安全产品为基础，建立信息安全保障体系，提供风险评估、安全运维外包服务和安全培训等安全服务。,企业服务,企业安全,广东,广州,1999-10,运营中,,广东省广州市天河区天慧路16号,020-8552-6663,399633749@qq.com,柯宗贵,CEO,,
直真科技,北京直真科技股份有限公司,91110114682851688K,http://www.zznode.com,电信及IT运营管理产品和解决方案提供商,直真科技是一家专注于电信及IT运营管理产品和解决方案的高新技术软件企业，致力于面向广电、铁路和金融等行业客户和大中型企业的IT运营管理市场，提供IT运营管理产品和解决方案，依靠其特色的运营策略、技术和创新方式满足企业用户对于IT运营管理的需求。,企业服务,企业IT服务,北京,朝阳区,2008-11,运营中,,北京市朝阳区望京东园四区7号绿地中心B座9层,010-6280-0055,hongyan.liu@zznode.com,袁隽,CEO,,
齐心集团,深圳齐心集团股份有限公司,914403007152637013,http://www.comix.com.cn,文具及办公用品集成服务商,齐心集团是一家办公文具、办公设备、学生文具专业制造商和集成供应商，主营产品包括文件管理用品、OA办公设备、桌面文具盒办公耗材等1000余种，致力成为世界级办公用品集成服务商。,企业服务,办公OA,广东,深圳,2000-01,运营中,,广东省深圳市福田区福虹路世贸广场A幢17楼05-06号,,jianglong.luo@comix.com      ,陈钦鹏,CEO,,
南威软件,南威软件股份有限公司,91350000743817927G,http://www.linewell.com,行业智能化整体解决方案及咨询服务,南威是一个B2D开发者平台，专注于为政务、军队、交通等领域提供软件开发、系统集成和分享经济平台运营服务，致力于提供行业智能化整体解决方案及咨询服务，推动相关行业的发展。,企业服务,行业信息化及解决方案,福建,泉州,2002-10,运营中,,福建省泉州市丰海路南威大厦2号楼,0595-6828-8999,kf@linewell.com,吴志雄,CEO,,
亿联网络,厦门亿联网络技术股份有限公司,91350200705487306K,http://www.yealink.com,UC终端一站式解决方案提供商,"亿联网络是一家企业通信与协作解决方案提供商，专注于为用户提供视频会议、语音通信等产品,具体包括视频会议服务器、会议室终端、视频话机、PC软终端、电话会议机等,并提供视频会议解决方案。",企业服务,企业IT服务,福建,厦门,2001-11,运营中,,福建省厦门市软件园二期望海路63号402,0592-570-2000,sales@yealink.com,陈智松,CEO,,
智明达电子,成都智明达电子股份有限公司,915101057377033177,http://www.zmdde.com/,致力于于嵌入式计算机和行业系统设备的研发的公司,智明达电子是一家服务于信号处理、图像处理、数据处理、综合控制、通信交换等领域的公司，公司致力于于嵌入式计算机和行业系统设备的研发与制造，已形成了系统设备、嵌入式计算机、电源三大产品线，在硬件平台和系统软件方面为客户定制解决方案。,企业服务,行业信息化及解决方案,四川,成都,2002-03,运营中,,青羊区敬业路229号H3栋D单元,028-6150-9199 , manager@zmdde.com,王勇,董事长,,
中亦科技,北京中亦安图科技股份有限公司,91110108782543551R,http://www.ce-service.com.cn,第三方IT基础架构服务提供商,中亦科技是一家第三方IT基础架构服务提供商。公司专注于为用户提供覆盖IT基础架构层全生命周期的咨询服务、建设服务、管理服务和支持服务，在保障用户系统稳定运行的基础上，实现自动化、智能化运行管理，构建高效的系统架构。,企业服务,企业IT服务,北京,西城区,2005-11,运营中,,北京市西城区百万庄大街11号粮科大厦3层,010-5852-3737,judy.qiao@ce-service.com.cn,邵峰,CEO,,
普乐师,普乐师（上海）数字科技有限公司,913100007655974430,https://www.plscn.com/,销售及营销服务供应商,普乐师是一家销售及营销服务供应商，主要专注于向主要在线下零售店（如超市、百货公司及户外促销活动）开展业务的头部FMCG（即快速消费品）品牌商及经销商提供实地销售及营销解决方案。提供四类服务：(i)定制营销解决方案；(ii)任务与营销人员匹配服务；(iii)营销人员派驻服务；及(iv)SaaS+订阅。,企业服务,销售营销,上海,普陀区,2004-08,运营中,,上海市普陀区长寿路652号6号楼2楼至3楼,021-6032-1991,service@plscn.com,孙广军,创始人,,
泛微网络,上海泛微网络科技股份有限公司,9131000070322836XD,http://www.weaver.com.cn/,高端协同办公OA软件专业厂商,泛微网络是一家移动办公解决方案提供商，提供移动办公、协同办公(OA)、流程管理、信息门户、知识管理等，支持手机和PC应用端，主打产品有eteams云平台等。,企业服务,办公OA,上海,浦东新区,2001-03,运营中,,上海市浦东新区耀华支路39弄9号,4008202126,salesh@weaver.com.cn,韦利东,CEO,,
神州顺利办,神州易桥（北京）财税科技有限公司,911101146963286527,http://www.eqiao.com.cn/,企业运营服务提供商,神州易桥是一家综合企业服务提供商，旗下神州顺利办平台，通过“百城千店”计划以“圈地、囤人、赋能”战略为8000万中小微企业提供企业运营服务。,企业服务,创业服务,北京,海淀区,2009-11,运营中,,北京市海淀区黑泉路8号宝盛广场C座1层,010-82811236,business@12366.com,彭聪,创始人,,
英维克,深圳市英维克科技股份有限公司,9144030077877383X6,http://www.envicool.com,专注于机房与设备环境控制技术的国家级高新技术企业,英维克是专注于机房与设备环境控制技术的国家级高新技术企业。公司致力于为各行业客户提供多种专业解决方案，包括：数据中心机房温控及节能解决方案、中小型机房温控方案、微模块机柜解决方案、集装箱及模块化数据中心解决方案、基站与接入站点温控及节能解决方案、通信户外机柜温控及节能方案、特殊应用环境定制类温控及节能方案。,企业服务,企业IT服务,广东,深圳,2005-08,运营中,,广东省	深圳市宝安区观澜街道大布巷社区梅观高速路东侧鸿信工业园9号厂房1－3楼,0755-2958-8896,info@envicool.com,齐勇,CEO,,
广电计量,广州广电计量检测股份有限公司,914401017397031187,http://www.grgtest.com,第三方计量检测机构,广电计量是一所第三方计量检测机构，致力于提供计量校准、可靠性与环境试验、电磁兼容与安全测试、环保检测、食品农产品检测、消费品检测、技术培训与咨询、产品认证及检测装备研发等一站式服务。,企业服务,科研和社会服务,广东,广州,2002-05,运营中,,广东省广州市天河区黄埔大道西平云路１６３号,020-3869-9960,grgtest@grgtest.com ,赵友永,CEO,,
天承科技,深圳市天承科技有限公司,91440300594336299D,http://www.tcdee.com,企业IT软件服务商,天承科技是一家软件公司。以金蝶软件、管理咨询、IT服务、数据安全系统综合服务为主营业务，产品功能模块涵盖数据安全、分销，生产，计划，供应链，客户服务，人力资源，协同工作流，质量管理，运输管理等等企业管理的各个方面。,企业服务,企业IT服务,广东,深圳,2012-04,运营中,,广东省深圳市宝安区银田路4号宝安智谷B309,0755-2307-5302 ,,邵晶,执行常务董事兼总经理,,
法本信息,深圳市法本信息技术股份有限公司,91440300795421713J,http://www.farben.com.cn,IT产品、服务及解决方案供应商,法本信息是一家专业IT产品、服务及解决方案供应商，专注为金融、通讯、互联网行业提供高度专业的IT资源综合服务，并围绕着企业的数据价值化需求有着一套先进、务实的数据服务解决方案。,企业服务,数据服务,广东,深圳,2006-11,运营中,,广东省深圳市南山区学府路与科园路交汇处卫星大厦9层,0755-2363-3188,marketing@farben.com.cn,严华,董事长兼总经理,,
协创物联,协创数据技术股份有限公司,914403007798542523,http://www.sharetronic.com,无线网络与智能终端解决方案提供商,协创物联是一家专注于虚拟现实，物联网，智能家居，车联网领域的互联网公司；致力于研发无线网络终端，车联网终端，拥有自主智能家居云生态平台，渠道和国际物流及现代化服务管理体系，从事无线网络与智能终端全球领先的解决方案提供商。,企业服务,行业信息化及解决方案,广东,深圳,2005-11,运营中,,广东省深圳市福田区车公庙创建大厦1209-1212室,0755-3309-8502,sales@sharetronic.com,耿四化,董事长,,
万集科技,北京万集科技股份有限公司,9111010810114488XN,http://www.wanji.net.cn,智能交通系统研发商,万集科技是一家专业从事智能交通系统（ITS）技术研发、产品制造、技术服务的国家高新技术企业。公司专注于对动态称重技术的探索，并将其应用于交通检测领域，也十分注重产品的技术创新。,企业服务,企业IT服务,北京,海淀区,1994-11,运营中,,北京市海淀区中关村软件园12号楼万集空间,010-5976-6766,mk_wanji@126.com,翟军,董事长,,
中新赛克,深圳市中新赛克科技股份有限公司,91440300746615781R,http://www.sinovatio.com,数据通讯软硬件制造商,中新赛克是一家数据通讯技术的软硬件制造商，专注于专用设备、无线增值业务、宽带增值业务的研发和市场拓展，为运营商和行业用户提供解决方案和一站式的服务。,企业服务,企业IT服务,广东,深圳,2003-02,运营中,,广东省深圳市南山区粤海街道高新技术产业园区南区高新南一道021号思创科技大厦二楼东面中二号,,yoyi2046@163.com,,,,
钢研纳克,钢研纳克检测技术股份有限公司,91110108802071804M,http://www.ncschina.com,检测仪器开发与第三方检测服务商,钢研纳克是专业从事金属材料检测技术的研究、开发和应用的创新型企业。目前公司提供的主要服务或产品包括第三方检测服务、检测分析仪器、标准物质/标准样品、能力验证服务、腐蚀防护工程与产品，以及其他检测延伸服务。公司服务和产品主要应用于钢铁、冶金、有色、机械、航空航天、高铁、核电、汽车、新材料、环境、食品、石化等领域。,企业服务,科研和社会服务,北京,海淀区,2001-03,运营中,,北京市海淀区高梁桥斜街13号,010-6218-2584,office@ncschina.com,李波,CEO,,
同有科技,北京同有飞骥科技股份有限公司,911100007001499141,http://www.toyou.com.cn,大数据存储架构提供商,同有科技是专注专业的大数据存储基础架构提供商。作为中国存储第一股（股票代码：300302），同有科技坚持以软件定义为基础、贴近应用为核心、满足客户需求为方向，为全球用户提供高效安全融合的存储服务。,企业服务,数据服务,北京,海淀区,1998-11,运营中,,北京市海淀区地锦路9号院2号楼同有科技大厦,010-6249-1999 ,toyou@toyou.com.cn ,周泽湘,CEO,,
中公高科,中公高科养护科技股份有限公司,91110108667509745C,http://www.mshulian.com,公路养护检测系统设计开发及咨询服务公司,中公高科是一家服务于公路的企业，主营业务有网级养护决策咨询服务、路况检测装备开发和销售和项目级养护工程设计等，致力于为公路养护行业提供公路科学养护成套技术。,企业服务,科研和社会服务,北京,海淀区,2007-09,运营中,,北京市海淀区地锦路9号院4号楼,010-8236-4210,,杨文银,CEO,,
中创股份,山东中创软件商用中间件股份有限公司,91370000745684048J,http://www.inforbus.com,软件中间件产品与服务提供商,中创股份是一家软件中间件产品与服务提供商，专注于网络应用服务中间件和开源硬件等技术创新与产品化、产业化，涉及金融、交通、通讯、新能源、制造、科教、物流、新闻等广泛的行业领域。,企业服务,行业信息化及解决方案,山东,济南,2002-12,运营中,,山东省济南市历下区千佛山东路41-1号,400-618-6180,,景新海,CEO,,
英飞拓,深圳英飞拓科技股份有限公司,914403007230430398,http://www.infinova.com.cn,电子安防整体解决方案服务商,英飞拓是一家电子安防整体解决方案服务商及产品提供商，产品涵盖全系列视频监控设备，包括摄像机、高速云台、IP视频系统和门禁控制系统等，以及包括智慧城市、智慧交通、智慧建筑和智慧工业等多个行业的解决方案。,企业服务,行业信息化及解决方案,广东,深圳,2000-10,运营中,,广东省深圳市龙华新区观澜高新技术产业开发区英飞拓园区,0755-8609-5088,rdinfo@infinova.com.cn,刘肇怀,CEO,,
蓝汛通信,北京蓝汛通信技术有限责任公司,91110108700034420K,http://www.chinacache.com,互联网内容传输服务整体解决方案提供商,蓝汛通信是一家互联网内容传输服务整体解决方案提供商，专注于向客户提供全方位网络内容快速分布解决方案，致力于提供云到端的一体化高性价比解决方案。,企业服务,行业信息化及解决方案,北京,海淀区,1998-06,运营中,,北京市海淀区塔院朗秋园甲8号,010-6408-4466,hongxia.zhang@chinacache.com,王松,CEO,,
雄帝科技,深圳市雄帝科技股份有限公司,91440300192328114W,http://www.xiongdi.cn,智能证卡应用解决方案及咨询服务公司,雄帝科技是一个高新技术企业，专注于提供以智能证卡为载体的信息安全、数据分析管理及行业应用解决方案及咨询服务，主要产品包括智能证卡制作发行设备、智能证卡受理应用设备等，应用于交通运输、电信、金融等领域。,企业服务,企业IT服务,广东,深圳,1995-04,运营中,,广东省深圳市南山区软件产业基地1栋C座9楼,0755-8341-6677,sales@xiongdi.cn,高晶,CEO,,
科锐国际,北京科锐国际人力资源股份有限公司,911100007825037280,http://www.careerintlinc.com,整体人才解决方案服务商,科锐国际是一家整体人才解决方案服务商，在国内外设有超过六十家分支机构，致力于帮助客户企业解决各类人力资源方向的问题。,企业服务,人力资源,北京,朝阳区,2005-12,运营中,,北京市朝阳区朝外大街16号中国人寿大厦1301;朝阳门外大街16号中国人寿大厦1301室,010-5927-1267;400-050-7798,amychen@chinacareer.com,高勇,CEO,,
科信技术,深圳市科信通信技术股份有限公司,91440300731133026E,http://www.szkexin.com.cn/,光纤接入网等通信服务提供商,科信技术是一家专业从事研发、生产和销售通信网络设备并提供应用解决方案和技术服务的高新技术企业，向通信运营商、ICT设备商和网络集成商提供FTTX接入网ODN端到端解决方案、无线接入解决方案和传输网物理连接、分配解决方案等。,企业服务,企业IT服务,广东,深圳,2001-08,运营中,,广东省深圳市光明新区高新科技园汇业路南科信小区,0755-2989-3456,szkexin@szkexin.com.cn,陈登志,CEO,,
新致软件,上海新致软件股份有限公司,913100006075916282,https://www.newtouch.com,软件和信息技术服务提供商,新致软件成立于1994年，是一家软件和信息技术服务提供商。 总部坐落于上海，在北京、深圳、大连、重庆、成都、贵安、东京等多地设立了分支机构。 新致软件专注于为金融机构提供基于自有产品的信息化通用解决方案，为企业客户提供行业信息化定制解决方案以及向海外发包商提供软件外包服务。 在新一代信息技术研发和应用领域，新致软件紧跟时代步伐，建立了大数据实验室、区块链实验室、人工智能实验室三大实验室，助推新一代信息技术与金融机构及企业客户业务场景的深度融合，高效赋能企业智能化转型。自成立以来，新致软件以“日新以致远”作为公司的核心理念和品牌承诺， 以技术为支撑，以创新为动力，为客户提供安全、健康、持续优化的IT服务。,企业服务,行业信息化及解决方案,上海,浦东新区,1994-06,运营中,,上海市浦东新区峨山路91弄98号陆家嘴软件园1号楼4F-6F,400-7842-782,support@newtouch.com,,,,
中科江南,北京中科江南信息技术股份有限公司,91110108585861972A,http://www.ctjsoft.com,数据安全信息技术服务商,中科江南是一家专注于数据安全的信息技术服务商，主要为银行、政府部门、企事业单位提供电子化安全产品及整体解决方案，提供电子化安全解决方案、财政信息管理解决方案、运维服务三大类服务。,企业服务,企业安全,北京,海淀区,2011-11,运营中,,北京市海淀区万泉河路68号8号楼1710室,010-8265-7392 ,liuping@ctjsoft.com,丁绍连,CEO,,
思创医惠,思创医惠科技股份有限公司,91330000754441902G,http://www.century-cn.net,物联科技解决方案的提供商,思创医惠一家数字化零售、智慧医疗和物联科技解决方案的提供商，企业集研发、生产、服务一体，应用行业：供应链管理、零售业、制造业、医疗、智慧城市、烟草、资产管理。,企业服务,综合企业服务,浙江,杭州,2003-11,运营中,,浙江省杭州市莫干山路1418—25号,0571-2897-5273,zhengquanbu@century-cn.com,路楠,董事长,,
信安世纪,北京信安世纪科技股份有限公司,911101086003810384,http://www.infosec.com.cn,专注于PKI技术研发和应用的科技企业,信安世纪是一家科技企业，专注于PKI技术研发和应用，是应用安全产品和解决方案供应商，致力于实现互联网络和企业内部网络的通讯安全、交易安全和网络资源安全保护。,企业服务,企业安全,北京,海淀区,2001-08,,,北京市海淀区北洼路西里21号A座8246号,010-6802-5518,luoyh@infosec.com.cn,李伟,董事长,,
零点有数,北京零点有数数据科技股份有限公司,91110109590674493W,http://www.horizon-china.com,国际化数据智能服务机构,零点有数是一家专注于国际化数据智能服务的机构，服务领域广泛，基础包括专业调研、策略咨询、社会与文化研究，专业研究领域包括互动营销、公共呼叫、跨国投资、主题地产全案服务，行动管理领域包括青年公益、创业服务等。,企业服务,数据服务,北京,朝阳区,2005-06,运营中,,北京市朝阳区酒仙桥中路24号院1号楼878东区8层,021-6358-6180,zhengke@horizonrcg.com,,,,
信威集团,北京信威科技集团股份有限公司,91110000101927796W,http://www.xinweigroup.com.cn,专注于无线通信技术,信威集团是一个专注于无线通信技术的集团公司，形成了无线通信及宽带多媒体集群系统、通信网络测试及数据采集分析系统、政企行业共网建设运营三大业务体系。,企业服务,企业IT服务,北京,海淀区,1995-12,运营中,,北京市海淀区东北旺西路8号中关村软件园7号楼一层,010-6280-2288,wuyouyuan@bj.xinwei.com.cn,王靖,董事长,,
久其,北京久其软件股份有限公司,911100007177242684,http://www.jiuqi.com.cn,专注于企业用管理软件开发,久其是一家管理软件供应商，专注于从事报表管理软件、电子政务软件、商业智能软件和ERP软件的研究与开发，致力于研究开发的统计分析、财务管理等系统在财政、统计的应用。,企业服务,企业IT服务,北京,海淀区,1999-08,运营中,,北京市海淀区文慧园甲12号楼1层,010-8855-1199 ,licuilan@jiuqi.com.cn ,赵福君,CEO,,
浩瀚深度,北京浩瀚深度信息技术股份有限公司,91110108102094378J,http://www.haohandata.com,互联网建设和数据分析服务提供商,浩瀚深度是一家致力于高速互联网建设和数据分析的公司，专注于为用户提供设备制造、数据采集、大数据平台构建、海量数据挖掘、流量管理、流量经营等全程解决方案。,企业服务,行业信息化及解决方案,北京,海淀区,1994-06,运营中,,北京市海淀区北洼路45号,400-062-3679,info@haohandata.com.cn,张跃,CEO,,
飞天诚信,飞天诚信科技股份有限公司,9111000070003202XF,http://www.ftsafe.com.cn,智能卡操作系统及数字安全系统整体解决方案,飞天诚信是一家智能卡操作系统及数字安全系统整体解决方案的提供商和服务商，主要为用户提供网络身份认证、软件版权保护以及智能卡操作系统等服务。,企业服务,企业安全,北京,海淀区,1998-06,运营中,,北京市海淀区学清路9号汇智大厦B楼17层,010-6230-4466,techsup@ftsafe.com,黄煜,CEO,,
丝路视觉,丝路视觉科技股份有限公司,914403007152851426,http://www.silkroadcg.com,视觉设计和创作公司,丝路是一个企业服务平台，主要利用计算机图形图像技术进行视觉设计和创作，业务涵盖展览展示综合解决方案总包、三维动画制作、CG培训等领域，专注于为建筑、动漫、游戏、文体娱乐活动等行业的客户提供数字视觉综合服务。,企业服务,前沿技术,广东,深圳,2000-03,运营中,,广东省深圳市福田保税区市花路花样年福年广场B4栋108室,0755-8832-1289,wangjp@silkroadcg.com,李萌迪,CEO,,
南天信息,云南南天电子信息产业股份有限公司,91530000713401509F,http://www.nantian.com.cn,金融软件开发、系统集成服务公司,南天信息是一个移动互联网企业，专注于从事金融软件开发、系统集成、金融专业机具销售和售后服务，致力于为银行、电信、医药等行业提供应用咨询服务及解决方案。,企业服务,企业IT服务,云南,昆明,1998-12,运营中,,云南省昆明市高新技术产业开发区产业研发基地,0871-6333-2302,000948@nantian.com.cn,雷坚,CEO,,
思特奇,北京思特奇信息技术股份有限公司,91110108633062121U,http://www.si-tech.com.cn,业务规划、咨询、集成能力服务公司,思特奇是一家一家高新技术企业，致力于成为云、大数据和移动互联网时代的技术/产品/服务/运营的可信赖专家。主要从事软件产品研发和业务规划、咨询、集成能力服务。,企业服务,企业IT服务,北京,海淀区,1995-12,运营中,,北京市海淀区中关村南大街6号14层,010-5885-6600,marketing@si-tech.com.cn,吴飞舟,创始人,,
格尔软件,上海格尔软件股份有限公司,913100006320483955,http://www.koal.com/,信息安全数字证书领域的先行者,"格尔软件是一家信息安全数字证书服务商，公司拥有全系列信息安全产品、安全服务和解决方案的提供能力，产品包括:""安全认证网关""、""可信边界安全网关""、""无线安全网关""、""电子签章系统""等。",企业服务,企业安全,上海,浦东新区,1998-03,运营中,,北京市丰台区南四环西路186号四区7号楼8层11单元;上海市静安区江场西路299弄（近万荣路）中铁中环时代广场4号楼6楼,010-5631-8000;021-62327010,,,,,
中国软件,中国软件与技术服务股份有限公司,91110000102043722T,http://www.chinarjjs.com,基础软件开发体系研发商,中国软件是中国电子信息产业集团有限公司（CEC）实际控制的大型高科技上市企业，是中国电子计算产业的核心企业。形成软件产品、税务、政府、系统装备四大业务板块。生态伙伴覆盖服务器、网络设备、存储备份、中间件、云平台、安全、办公软件等多领域。,企业服务,综合企业服务,北京,昌平区,1994-03,运营中,,北京市昌平区昌盛路18号,400-706-1810, css@css.com.cn,杨军,董事长,,
263移动通信,广州二六三移动通信有限公司,914401013314429035,http://www.263mobile.cn,互联网模式的国际移动通信运营商,263移动通信是一家互联网模式的国际移动通信运营商。以创新的端+云模式提供虚拟移动通信运营服务，致力于为全球华人提供无界、全域、平等的出境漫游和跨境通信服务。,企业服务,办公OA,广东,广州,2015-03,运营中,,广东省广州市天河区中山大道西89号B栋东梯8层,020-8556-5399,,,,,
盛邦安全,远江盛邦（北京）网络安全科技股份有限公司,91110108565775188E,http://www.webray.com.cn,专注于WEB安全的前沿技术创新,盛邦安全是一家网络安全科技企业，专注于WEB安全的前沿技术创新，凭借强大的应用安全产品与服务，为用户的核心业务和关键信息资产提供安全保障，自主研发的实时安全操作系统RayOS， 以及“多态Web防护”专利技术，通过云监控与大数据平台、安全检测（漏洞扫描、无线扫描、应用扫描）、安全防护（Web防护、DDoS防护、网页防篡改）等三大类七条产品线，构建了国内最完备的WEB安全解决方案。,企业服务,企业安全,北京,海淀区,2010-12,运营中,,北京市海淀区农大南路1号院硅谷亮城2A603,010-8273-0576,info@webray.com.cn,,,,
达华智能,福州达华智能科技股份有限公司,91442000618086205K,http://www.twh.com.cn,高新技术型企业,达华智能是一家高新技术型企业，专业生产电子标签、非接触式智能卡、读写设备的制造商，并成为智能卡应用系统的整体解决方案供应商和服务供应商。,企业服务,数据服务,北京,朝阳区,1993-08,运营中,,北京市朝阳区弘善家园405号楼,400-830-1822,,蔡小如,CEO,,
魅视科技,广东魅视科技股份有限公司,914401055602112014,http://www.avcit.com.cn,专业系统设计开发运维企业,魅视科技是一家集高端中央控制系统、分布式控制系统、高清混合矩阵、分布式融合系统、分布式矩阵、触摸屏系统、专业模拟矩阵、数字音频会议系统以及周边设备的科研开发、生产制造、销售和服务的厂家。,企业服务,企业IT服务,广东,广州,2010-08,运营中,,广州市天河区黄埔大道中662号金融城绿地中心909-913号,020-8930-1789 ,,方华,董事长兼总经理,,
博彦科技,博彦科技股份有限公司,911100001021132178,http://www.beyondsoft.com,IT解决方案与服务提供商,博彦科技股份有限公司是一家面向全球的IT咨询、解决方案与服务提供商，致力于自身强大的研发与创新能力，广泛采用基于大数据、云计算和移动互联等新兴技术，为客户提供丰富的解决方案及产品。,企业服务,企业IT服务,北京,海淀区,1995-04,运营中,,北京市海淀区西北旺东路10号院东区7号楼博彦科技大厦,010-5096-5888,,王斌,创始人,,
数据港,上海数据港股份有限公司,91310000697241508E,http://www.athub.com,定制数据中心服务提供商,数据港是一个定制数据中心服务提供商，致力于为企业提供数据中心和咨询服务，专业从事数据中心建设，并以数字地产经营和信息技术服务外包为主导产业，主营业务包括定制数据中心、关键数据中心基础设施管理、数据中心规划咨询、 网络使能服务等。,企业服务,数据服务,上海,静安区,2009-11,运营中,,上海市静安区江场三路250号9层901室;上海市静安区江场三路250号9层901室,021-3633-8836 ,aaron.wu@athub.com ,周群,CEO,,
广东利通科技,广东利通信息科技投资有限公司,914400000666523006,,智能交通解决方案提供商,广东利通科技是一个智能交通解决方案提供商，致力于在互联信息时代迅猛发展的历史机遇下，公司将秉承自主创新精神，稳步推进智能交通、企业信息化、机电工程、交安工程四大板块业务，同时基于云平台、大数据、传感器网络和无线移动通信网络等技术的有效运用，隶属于广东利通信息科技投资有限公司。,企业服务,行业信息化及解决方案,广东,广州,2013-04,已关闭,,广东省广州市萝岗科学大道99号科汇金谷三街5号新粤大厦6—11层,,,凌坚,创始人,,
宝信软件,上海宝信软件股份有限公司,91310000607280598W,http://www.baosight.com,企业信息化解决方案供应商,宝信软件是一个企业信息化解决方案供应商，致力于计算机软件研发、数据库系统集成、电子商务、网络应用、办公自动化、软件咨询和技术服务，隶属于上海宝信软件股份有限公司。,企业服务,行业信息化及解决方案,上海,浦东新区,1994-08,运营中,,上海市浦东新区自由贸易试验区郭守敬路515号,021-2037-9999,,王力,创始人,,
博睿数据,北京博睿宏远数据科技股份有限公司,91110105672840619D,http://www.bonree.com/,应用性能管理服务商,博睿宏远是中国领先的应用性能管理服务商，专注用数据赋能IT运维，助力企业提升整体竞争力。为企业建立可视化的全业务链性能管理体系，保障所有层级的性能问题被准确发现和定位，帮助企业快速掌握应用性能对业务的影响，有针对性的快速优化应用性能及IT成本投入，从而提升IT系统对数字化业务的支撑效率及质量，帮助企业降低成本及损失，提升用户体验和业务发展。,企业服务,数据服务,北京,东城区,2008-02,运营中,,北京市东城区东中街46号鸿基大厦4层,,,孟曦东,CTO,,
软通动力,软通动力信息技术（集团）股份有限公司,91110108781703664R,http://www.isoftstone.com,IT服务及行业解决方案提供商,软通动力是一家IT服务及行业解决方案提供商，依托端到端“软件+服务”综合业务能力，公司主营业务覆盖软件技术服务、企业数字化转型服务、智慧城市服务以及云计算与互联网平台服务四大业务领域。,企业服务,企业IT服务,北京,海淀区,2005-11,运营中,,北京市海淀区西北旺东路10号院东区16号楼,010-5874-9000,contact@isoftstone.com,刘天文,创始人,,
兆日科技,深圳兆日科技股份有限公司,91440300748876299E,http://www.sinosun.com.cn/,从事安全芯片及解决方案等商用密码产品,兆日科技是一家信息安全服务的科技公司，专注于从事安全芯片及解决方案等商用密码产品研制、生产、及销售。,企业服务,企业安全,广东,深圳,2003-04,运营中,,广东省深圳市福田区车公庙深业泰然大厦C栋1605室, 0755-8341-5666 ,tingting.sun@sinosun.com.cn ,魏恺言,CEO,,
新奥特,新奥特（北京）视频技术有限公司,911101086631036849,http://www.cdv.com/,视音频技术与服务提供商,新奥特致力于在数字媒体领域提供领先的内容生产及运营的技术与服务。作为国内著名的数字媒体技术厂商，新奥特公司以领先、创新的专业技术，提供涵盖传统广电行业的图文创作、虚拟演播系统、多种节目现场解决方案以及融合媒体云平台建设以及播出发布端的系列产品。,企业服务,企业IT服务,北京,海淀区,2007-06,运营中,,北京市海淀区西四环北路131号新奥特科技大厦,010-8285-2600,1961058646@qq.com ;1420751297@qq.com,庞刚,CEO,,
蓝色光标,北京蓝色光标数据科技股份有限公司,91110000744727456H,http://www.bluefocusgroup.com/,供品牌管理与营销服务商,蓝色光标是一家为大型企业和组织提供品牌管理与营销服务的公司，主营业务为数字整合营销、公共关系、广告策划及代理，活动管理以及国际业务，旗下目前拥有蓝色光标数字营销机构、智扬公关、博思瀚扬等子品牌。,企业服务,销售营销,北京,朝阳区,2002-11,运营中,,北京市朝阳区酒仙桥北路9号(厂区)10幢二层A5-01;北京市朝阳区酒仙桥北路9号(厂区)10幢二层A5-01,010-5647-8887,bluedigital@bluefocus.com ,,,,
网宿科技,网宿科技股份有限公司,91310000631658829P,http://www.chinanetcenter.com/,提供全球范围内的内容分发与加速,网宿科技是一家互联网业务平台提供商，专注于提供全球范围内的内容分发与加速、服务器托管与租用、以及面向运营商的网络优化解决方案等服务。,企业服务,行业信息化及解决方案,上海,嘉定区,2000-01,运营中,,上海市嘉定区环城路200号,021-2426-1717,shas@chinanetcenter.com ,刘成彦,董事长,,
德必,上海德必文化创意产业发展（集团）股份有限公司,91310000572698184Q,http://www.dobechina.com,一家文化创意产业发展服务商,德必是一家文化创意产业发展服务商，致力于为文化创意企业提供舒适、生态、个性化的高品质办公环境，同时为企业提供系统优质的微生态创业环境，助力文化创意企业的持续发展。,企业服务,创业服务,上海,长宁区,2011-04,运营中,,中国上海市长宁区安化路492号长宁德必易园A座8楼,021-3250-8752,news@dobechina.com,贾波,创始人,,
罗科仕,罗科仕科技（北京）股份有限公司,91110105562144225Q,http://www.lucasgchr.com,招聘O2O平台,罗科仕是一个招聘O2O平台，致力于为用户提供高管人才寻访、董事会咨询以及领导力培训和人才培训等一系列服务。,企业服务,人力资源,北京,朝阳区,2011-05,运营中,,北京市朝阳区新东路8号首开铂郡B1-025,400-699-8232,info@lucasgchr.com,Howard Lee,CEO,,
辰安科技,北京辰安科技股份有限公司,91110108783233053A,http://www.gsafety.com/,致力于公共安全和应急技术,辰安科技是一家致力于公共安全和应急技术的科技公司，是一家源于清华大学，由清华控股的高科技企业。产品和服务包括公共安全综合应急、监测监控、预防预警、救援指挥相关系统和装备。,企业服务,企业安全,北京,海淀区,2005-11,运营中,,北京市海淀区丰秀中路3号院1号楼,010-57930171/010-57930999,,郑家升,董事长,,
东华软件,东华软件股份公司,911100007226188818,http://www.dhcc.com.cn/,软件和信息系统解决方案提供商,东华软件是一个软件和信息系统解决方案提供商，以应用软件开发、计算机信息系统集成、信息技术服务、网络流控安全产品及互联网+为主要业务，拥有800多项自主知识产权的软件产品。涵盖多种应用与技术平台，用户遍及医疗、金融、电信、电力、政府、交通、国防、科研、煤炭、石化、石油、保险及制造等行业。,企业服务,行业信息化及解决方案,北京,海淀区,2001-01,运营中,,北京市海淀区知春路紫金数码园东华合创大厦,010-6266-2288,XXD@DHCC.COM.CN,薛向东,CEO,,
顶点软件,福建顶点软件股份有限公司,91350000260188521B,http://www.apexsoft.com.cn,行业应用解决方案供应商,顶点软件是一家具有持续自主创新能力的专业平台型软件公司及行业应用解决方案供应商，主要致力于为金融证券、企业、教育及公共服务业提供以业务流程管理（BPM）为核心的信息化解决方案。隶属于福建顶点软件股份有限公司,企业服务,行业信息化及解决方案,福建,福州,2000-10,运营中,,福建省福州市软件大道89号福州软件园A区13号;福建省福州市软件大道89号福州软件园A区13号 ,0591－8786-6888,,严孟宇,CEO,,
安妮股份,厦门安妮股份有限公司,913502002601292498,http://www.anne.com.cn,商务信息用纸研发产销公司,安妮股份是一家以商务信息用纸的研发、生产、销售以及综合应用服务为主的大型企业集团，致力于数字营销服务、彩票营销服务、商务信息纸品营销服务、物联网应用服务，隶属于厦门安妮股份有限公司。,企业服务,办公OA,福建,厦门,1998-09,运营中,,福建省厦门市集美区杏林锦园南路99号,0592-315-2188,luomeng@anne.com.cn ,张杰,创始人,,
先进数通,北京先进数通信息技术股份公司,91110108801146341D,http://www.adtec.com.cn,软件解决方案及开发服务商,先进数通是一家软件服务公司，向客户提供以自主平台软件为基础的定制化软件解决方案，软件开发服务。隶属于北京先进数通信息技术股份公司,企业服务,行业信息化及解决方案,北京,海淀区,2000-10,运营中,,北京市海淀区车道沟1号青东商务区D座4-7层,010-6870-0009,,林鸿,CEO,,
万国数据,万国数据服务有限公司,913205947230335351,http://www.gds-services.com,高可用数据中心基础设施及云平台服务提供商,万国数据是一个高可用数据中心基础设施及云平台服务提供商，向客户提供业务连续管理体系的全面服务，包括高可用性IT基础环境服务、灾难恢复（BC/DR）规划、实施、运行外包服务、测试中心服务、数据中心平台服务、ECC运行监控服务等，致力于推动中国IT外包服务的发展。,企业服务,企业IT服务,北京,朝阳区,2000-09,运营中,,北京市朝阳区东三环北路甲26号博瑞大厦1008室,010-5322-8000,marketing@gds-services.com,黄伟,创始人 ,,
前程无忧,前锦网络信息技术（上海）有限公司,91310000703005043F,http://www.51job.com,人力资源服务机构,前程无忧是一个人力资源服务机构，提供包括招聘猎头、培训测评和人事外包在内的全方位专业人力资源服务。隶属于前锦网络信息技术（上海）有限公司,企业服务,人力资源,上海,浦东新区,2000-01,运营中,,上海市浦东新区张东路1387号3号楼,021-6160-1888,shanghai@51job.com,孔卫东,副总裁,,
三五互联科技,厦门三五互联科技股份有限公司,91350200751642792T,https://www.35.com/index.html,云办公整体解决方案的专业服务提供商,35互联是一家云办公整体解决方案的专业服务提供商，基于云计算模式，重点面向广大企业用户、商务人士，创新推出一整套35云办公整体解决方案，融合工作微博、企业邮箱、办公自动化系统（OA）、即时通讯管理（EQ）等云服务及互联网基础应用的网络域名、电子商务网站建设产品，实现跨越桌面互联网、移动互联网，多平台同步的全新办公模式，隶属于厦门三五互联科技股份有限公司,企业服务,综合企业服务,福建,福州,2004-04,运营中,,福建省厦门市火炬高新技术产业开发区软件园二期观日路8号一层,158-8020-8052,,龚少晖,创始人,,
任子行,任子行网络技术股份有限公司,91440300723005104T,http://www.1218.com.cn/,网络信息安全服务提供商,任子行是一家网络信息安全领域的企业。主要是为国家管理机构、运营商、企事业单位和个人网络信息安全提供服务。隶属于任子行网络技术股份有限公司。,企业服务,企业安全,广东,广州,2000-05,运营中,,广东省深圳市南山区科技中二路软件园2栋6层,0755-8616-8366,,景晓军,CEO,,
派诺科技,珠海派诺科技股份有限公司,91440400722914824B,http://www.pmac.com.cn/,用电和能源管理服务提供商,派诺科技是一家集硬件、软件、集成与服务于一体的用电和能源管理服务提供商，为数据中心、医疗、轨道交通等重点领域提供设备运维、机电保障、安全节能等服务。,企业服务,行业信息化及解决方案,广东,珠海,2000-05,运营中,,广东省珠海市高新区科技创新海岸科技六路15号派诺科技园,0756-3629688,,李健,董事长,,
用友,用友网络科技股份有限公司,91110000600001760P,http://www.yonyou.com/,企业管理软件提供商,用友集团是一家企业管理软件、企业互联网服务和企业金融服务提供商，是ERP、CRM、人力资源管理、商业分析、内审、小微企业管理软件和财政、汽车、烟草等行业应用解决方案提供商。,企业服务,综合企业服务,北京,海淀区,1995-01,运营中,,北京市海淀区北清路68号用友产业园,,,王文京,董事长,,
恒拓开源,恒拓开源信息科技股份有限公司,91120116663065243C,,软件开源化技术服务提供商,恒拓开源是一家开源软件技术研究与发展、企业和政府客户等软件开源化技术服务以及软件技术人员开源技术培训的企业。由海外归国留学人员CEO马越创办。,企业服务,开发者服务,天津,滨海新区,2007-06,运营中,,,,,马越,创始人兼CEO,,
凌雄科技,深圳市凌雄租赁服务有限公司,914403000685577373,https://www.bearrental.com,IT设备租赁服务提供商,凌雄科技是中国领先的IT办公设备运营商，旗下小熊U租主要围绕企业IT办公设备场景，提供全品类、全⽣命周期IT综合解决⽅案服务，包括IT办公设备租赁、IT技术服务、IT设备回收、资产管理SaaS软件，为企业解决运营中存在的IT采购资⾦占⽤⼤、资产管理困难、技术服务响应缓慢、办公设备效率低下、灵活性差、IT资产闲置等五⼤痛点，帮助企业重构IT资产效率与价值，实现轻资产化转型。,企业服务,企业IT服务,广东,深圳,2004-11,运营中,,深圳市福田区车公庙工业区车公庙安华小区厂房5栋,0755-835-39581,lxBDS@lxrental.com,胡祚雄,CEO,,
天润融通,北京天润融通科技股份有限公司北京天润融通科技股份有限公司,91110108785512910D,http://www.ti-net.com.cn/,全周期客户联络云平台服务商,"北京天润融通科技股份有限公司，创建于2006年。总部设在北京，在上海、深圳、广州、杭州、济南设有销售和技术服务办公室，在南京和成都设有研发与支撑中心。
经过十多年的发展，天润融通在产品能力、服务支持、技术创新等方面得到了客户的广泛认可，为众多知名企业提供了优质的客户联络平台服务，其中包括工商银行、交通银行、腾讯、阿里、百度、字节跳动、京东、美团、快手、BOSS直聘、智联招聘等十余个行业的客户。",企业服务,客户服务,北京,大兴区,2006-02,运营中,,北京亦庄经济技术开发区荣华南路2号院大族广场1号楼29层,400-686-9009,,吴强,创始人,,
初灵信息,杭州初灵信息技术股份有限公司,91330000720048184T,http://www.cncr-it.com/,基于云服务的远程物联网应用,初灵信息致力于为客户提供简洁的智能连接、高效的数据感知、安全的智能应用三大边缘计算核心技术能力，集成“云边端”协同的边缘计算生态，聚焦5G行业及企业数智化应用推广。公司多年深耕企业（行业）智能连接网络、垂直行业边缘应用型DPI（安全、物联网类）、视频及其他行业（企业）的智能应用等技术，初步构成“云边端”协同的边缘计算生态。业务方面，公司从提供单项能力向为客户数智化改造提供边缘计算生态服务能力，形成项目和运营服务双模式；产品技术方面，持续聚焦构建5G Fixed+Data+AI三大边缘计算技术能力，积极布局在5G行业边缘计算应用和企业数智化应用。,企业服务,云服务,浙江,杭州,2009-07,运营中,,,,,汤鹏,CEO,,
南京云创存储,南京云创大数据科技股份有限公司,91320100567246634N,http://www.cstor.cn,云计算、云存储技术服务商,南京云创存储科技是一家云计算、云存储技术服务商，具有自主知识产权的cStor云存储技术、cProc云处理技术、cTrans高速数据传输系统和cVideo云创高清视频监控系统等。,企业服务,企业IT服务,江苏,南京,2011-03,运营中,,,,,张真,总裁,,
中望软件,广州中望龙腾软件股份有限公司,91440101712408557U,http://www.zwcad.com/,CAD/CAM解决方案供应商,中望软件是一家CAD/CAM解决方案供应商，自主研发的产品包括中望CAD、中望CAD机械版、中望CAD建筑版、中望3D CAD/CAM，致力于帮助用户以合理成本解决正版化的同时，最大化发挥正版CAD/CAM软件的应用效益。,企业服务,企业IT服务,广东,广州,2013-04,运营中,,广州市天河区珠江西路15号珠江城32层,020-3828-9780;4008-800-819,market@zwcad.com;support@zwcad.com,杜玉林,董事长,,
