公司ID,公司简称,工商全称,统一信用代码,官网,一句话简介,公司简介,行业,子行业,省,市,成立时间,运营状态,融资总额(万人民币),估值(万人民币),估值(估算-万人民币),年营收(亿元),年度利润(亿元),员工人数,融资时间,轮次,金额,币种,等值人民币(万),投资机构,地址,电话,邮箱,团队姓名,职位
42812312,君逸数码,四川君逸数码科技股份有限公司,91510100737730294R,http://www.joyoudigital.com/,智慧城市综合解决方案提供商,君逸数码是一家专业的智慧城市综合解决方案提供商，主营业务是为智慧城市领域客户提供系统集成服务、运维服务和自研产品销售等产品和服务。公司主要采用物联网、云计算、大数据、人工智能、BIM等新一代信息应用技术，为客户提供集“应用软件定制开发”和“智能化、信息化系统集成服务”为一体的智慧城市行业综合解决方案，业务环节涵盖智慧城市项目的技术咨询、方案设计、软硬件的开发、系统集成、项目实施和运营维护等。,企业服务,综合企业服务,四川,成都,2002-05,运营中,132700,386000,482500,4.1,0.82951,284,2023-07-26,IPO上市,9.65亿,人民币,96500,,成都高新区天府三街288号1号楼13层2-7号,028- 6313-8188,,,
,,,,,,,,,,,,,,,,,,,2023-06-20,退市,未透露,人民币,10000,,,,,,
,,,,,,,,,,,,,,,,,,,2020-12-20,新三板定增,1.17亿,人民币,11700,江苏高投,,,,,
,,,,,,,,,,,,,,,,,,,2017-06-29,新三板定增,4500万,人民币,4500,"成都高投,蓉兴创投,泓石资本",,,,,
,,,,,,,,,,,,,,,,,,,2016-03-28,新三板,未透露,人民币,10000,,,,,,
42782781,西高院,西安高压电器研究院股份有限公司,91610131294242207P,http://www.xihari.com/,电气领域检测服务商,西高院主要从事电气领域检测、计量、认证及技术咨询服务业务，开展相关技术研究、标准制修订及行业管理和服务工作。,企业服务,科研和社会服务,陕西,西安,2001-10,运营中,112100,448400,560500,5.21,1.41,631,2023-06-19,IPO上市,11.21亿,人民币,112100,,国陕西省西安市西二环北段18号,029-8422-5570,lab@xihari.com,,
42759306,安邦护卫,安邦护卫集团股份有限公司,91330000785683832W,https://www.zjabhw.com/,金融武装押运公司,安邦护卫是一家综合性的安全服务提供商，目前主营业务覆盖金融安全服务、综合安防服务和安全应急服务三个领域，正积极拓展海外安保业务。,企业服务,企业安全,浙江,杭州,2006-02,运营中,61300,205200,256500,23.79,3.38,16745,2023-12-20,IPO上市,5.13亿,人民币,51300,,浙江省杭州市西湖区转塘街道枫桦路6号之江财富中心E8楼,057-18688-1179,,吴高峻,董事长
,,,,,,,,,,,,,,,,,,,2020-09-21,战略投资,未透露,人民币,10000,浙江省财政厅,,,,,
42758180,世纪恒通,世纪恒通科技股份有限公司,91520115789752508E,http://sjht.com/,手机信息服务及移动增值业务提供商,世纪恒通是一家专业的信息技术服务商，通过自主开发技术平台及搭建服务网络，为金融机构、电信运营商、互联网公司、高速集团等拥有众多个人用户的大型企业客户提供用户增值和拓展服务。,企业服务,企业IT服务,贵州,贵阳,2006-06,运营中,85000,260000,325000,9.15,0.842884,1269,2023-05-19,IPO上市,6.5亿,人民币,65000,,贵阳市贵阳国家高新技术产业开发区中关村贵阳科技园核心区南园科教街188号,0851-8460-0889,sjhtzqb@126.com,,
,,,,,,,,,,,,,,,,,,,2018-05-24,战略投资,未透露,人民币,10000,"融创投资,熔岩投资,诺延资本",,,,,
,,,,,,,,,,,,,,,,,,,2014-09-29,战略投资,未透露,人民币,10000,"熔岩投资,贵阳高新投",,,,,
42081108,通达海,南京通达海科技股份有限公司,91320106249663766N,http://www.tdhnet.com.cn/,司法信息化系统建设服务商,通达海是专业从事司法信息系统研发、信息技术服务的高科技公司。为客户提供专业化产品、解决方案和优质服务。服务法院、检察院、纪检监察、司法行政、金融机构、律师等各类客户，拥有以“智慧审判”、“智慧执行”、“智慧诉服”、“智慧管理”为代表的智慧法院整体解决方案和百余项自主软件产品。,企业服务,企业IT服务,江苏,南京,1995-03,运营中,109300,437200,546500,4.63,0.902627,1931,2023-03-20,IPO上市,10.93亿,人民币,109300,,南京市鼓楼区集慧路16号联创大厦B座20层,025-8655-1940,TDH@tdhnet.com.cn,郑建国,董事长
227,中科创达,中科创达软件股份有限公司,91110000672354637K,http://www.thundersoft.com,智能操作系统产品和技术提供商,中科创达是一家智能操作系统产品和技术提供商。致力于提供卓越的智能操作系统产品、技术及解决方案，立足智能终端操作系统，聚焦人工智能关键技术，助力并加速智能手机、智能物联网、智能网联汽车、智能行业等领域的产品化与技术创新。,企业服务,企业IT服务,北京,海淀区,2008-03,运营中,258100,2377300,850500,52.42,4.24,13119,2020-08-12,IPO上市后,17.01亿,人民币,170100,"中金公司,易方达基金,太平洋保险,国泰君安,中信建投资本,阳光保险,嘉实投资-嘉实基金,大正投资集团,财通基金,中意资产",,,TIANZY1225@THUNDERSOFT.COM,耿增强,总裁
,,,,,,,,,,,,,,,,,,,2015-11-23,IPO上市,5.82亿,人民币,58200,,,,,赵鸿飞,CEO
,,,,,,,,,,,,,,,,,,,2014-11-05,B轮,数千万,美元,19500,英特尔投资Intel Capital,,,,段志强,CTO
,,,,,,,,,,,,,,,,,,,2011-06-01,A轮,1亿,人民币,10000,"北极光创投,高通Qualcomm Ventures,国科投资",,,,,
,,,,,,,,,,,,,,,,,,,2010-09-09,天使轮,数百万,人民币,300,PreAngel,,,,,
27354,永信至诚,永信至诚科技集团股份有限公司,91110108562135265P,http://www.integritytech.com.cn/,专精于各类信息安全系统、平台及定制化软件,永信至诚是一家专业的网络安全公司。基于核心团队深厚的攻防技术基因，秉承“人是安全的核心”的主导思想，主营产品包括政企网络安全产品、政企网络安全服务及互联网安全业务。公司打造了国内知名的网络安全教育平台，是网安人才培养领军企业；举办了一系列影响力重大的网络安全赛事和演练活动；研制了具备国内领先水平的城市级网络靶场；开创性地研制了高处置态势感知和高甜度春秋云阵蜜罐类产品。公司践行“聚焦优势、合作共生、有信有诺”的价值观，追求实现“带给世界安全感”的愿景使命。,企业服务,企业安全,北京,海淀区,2010-09,运营中,109100,230400,288000,3.31,0.573891,453,2022-10-19,IPO上市,5.76亿,人民币,57600,,北京市海淀区丰豪东路9号院6号楼,010-5086-6166,liuxiu@integritytech.com.cn,蔡晶晶,CEO
,,,,,,,,,,,,,,,,,,,2020-11-20,战略投资,2亿,人民币,20000,"金融街资本,熙诚金睿",,,,,
,,,,,,,,,,,,,,,,,,,2017-12-13,退市,未透露,人民币,10000,,,,,,
,,,,,,,,,,,,,,,,,,,2017-06-19,新三板定增,7500万,人民币,7500,"英华资本,奇安投资",,,,,
,,,,,,,,,,,,,,,,,,,2016-05-23,新三板,未透露,人民币,10000,,,,,,
,,,,,,,,,,,,,,,,,,,2015-05-12,B轮,数千万,人民币,3000,奇虎360,,,,,
,,,,,,,,,,,,,,,,,,,2014-04-08,A轮,1000万,人民币,1000,启明星辰,,,,,
40688508,数科集团,数科集团控股有限公司,,http://www.mttgholdings.com/,垂直整合资讯科技解决方案供应商,数科集团是一家垂直整合资讯科技解决方案供应商，主要从事于香港分销资讯科技产品以及于香港、中国及澳门提供系统整合解决方案，其产品及解决方案主要分为数据通讯及系统基建、网络安全及数码转型，其向经销商介绍、营销及分销包括硬件、软件及或配套产品在内种类丰富的资讯科技产品。,企业服务,企业IT服务,香港,九龙城区,2020-09,运营中,5696,42560,28480,7.57,0.52965,173,2022-09-26,IPO上市,7120万,港元,5696,,香港九龙观塘巧明街107号国基集团中心8楼,00852-3755-8400,Info@mttgholdings.com,,
2428,趣活科技, 趣活有限公司,911101085923799229,http://www.meishisong.cn/,多场景人力资源资产运营解决方平台,趣活科技是一个劳动力运营解决方案平台，可为包括美团、饿了么、滴滴等大型生活服务平台提供灵活用工解决方案、第三方业务管理平台、劳动者技能提升等服务，业务涉及外卖即时配送、网约车司机管理、共享单车运维等多个场景。,企业服务,人力资源,北京,朝阳区,2012-03,运营中,49700,2145,107250,37.02,0.05081,495,2020-07-10,IPO上市,3300万,美元,21450,,,,,孙莉莉,联合创始人
,,,,,,,,,,,,,,,,,,,2016-04-20,C轮,1000万,美元,6500,"软银中国资本,锴明投资ClearVue",,,,杨树轶,联合创始人
,,,,,,,,,,,,,,,,,,,2014-06-30,B轮,数千万,美元,19500,"百度,软银中国资本",,,,,
,,,,,,,,,,,,,,,,,,,2013-08-01,A轮,数百万,美元,1950,软银中国资本,,,,,
,,,,,,,,,,,,,,,,,,,2012-03-02,天使轮,数百万,人民币,300,"PreAngel,起点资本,长石资本,查立",,,,,
21629,声网Agora, 声网有限公司,91310110093802968T,http://agora.io/,移动端音视频实时传输的云服务解决方案,声网 Agora.io 是首家为 App 开发者提供全球范围实时音视频通信服务的服务商，在全球部署了超过 200 个数据中心，搭建 SD－RTN™(Software Defined Real Time Network)这个专为「实时」所设计的虚拟通信网，来极大优化全球范围内的实时传输。声网Agora.io 为开发者提供有质量保证 QoE 的实时云服务。,企业服务,企业IT服务,上海,杨浦区,2014-03,运营中,482950,149500,149500,1.42,-0.86797,1022,2020-06-26,IPO上市,4.6亿,美元,299000,,上海市杨浦区伟成路62号5层,400-632-6626,Sales@agora.io,赵斌,CEO
,,,,,,,,,,,,,,,,,,,2020-06-22,基石轮,1.6亿,美元,104000,"Dragoneer Investment Group,Coatue Management,Neumann Advisors,Vitruvian Partners维恩资本",,,,陶思明,CTO
,,,,,,,,,,,,,,,,,,,2018-11-21,C轮,7000万,美元,45500,"五源资本,顺为资本,SIG海纳亚洲,Coatue Management",,,,Ed Brakus,全球产品管理负责人
,,,,,,,,,,,,,,,,,,,2018-06-11,B+轮,3000万,美元,19500,"五源资本,纪源资本,顺为资本,SIG海纳亚洲",,,,楼剑,首席视频科学家
,,,,,,,,,,,,,,,,,,,2015-09-17,B轮,2000万,美元,13000,"IDG资本,五源资本,纪源资本,顺为资本,SIG海纳亚洲",,,,,
,,,,,,,,,,,,,,,,,,,2014-03-12,A轮,数百万,美元,1950,顺为资本,,,,,
39919882,动力源,北京动力源科技股份有限公司,911100001021218238,http://www.dpc.com.cn,科技推广和应用服务商,动力源是一家科技推广和应用服务商，经营范围包括电力电子产品、计算机软件及辅助设备、通信设备、节能工程、新能源汽车、新能源发电工程的技术开发、技术转让、技术咨询、技术服务、技术推广；新能源汽车换电设施的技术开发；光伏设备及元器件、充电桩的技术开发；生产计算机软硬件；销售电力电子产品、计算机软件及辅助设备、仪器仪表、环保设备、新能源汽车及配件产品。,企业服务,其他企业服务,北京,丰台区,1995-01,运营中,,256200,,10.42,-1.46,2189,2004-04-01,IPO上市,2.49亿,人民币,,,北京市丰台区科技园区星火路8号,010-8368-2266,sqh@dpc.com.cn,何振亚,CEO
30626,致远互联,北京致远互联软件股份有限公司,91110108737656338N,http://www.seeyon.com/,协同管理软件及云服务提供商,北京致远协创软件是一家主打协同管理软件的企业服务提供商，目前形成了从私有云到公有云、从互联网到移动互联网、从企业内部协同到外部协同的完整产品线及解决方案。,企业服务,办公OA,北京,海淀区,2002-03,运营中,133350,577400,475500,10.32,0.951091,2699,2019-10-31,IPO上市,9.51亿,人民币,95100,,北京市海淀区北坞村路甲25号静芯园N座,4007-008-822,security@seeyon.com,徐石,CEO
,,,,,,,,,,,,,,,,,,,2016-04-01,C轮,数亿,人民币,30000,"正和岛正和磁系资本,云鼎资本,新疆绿洲资本",,,,,
,,,,,,,,,,,,,,,,,,,2015-12-11,B轮,5250万,人民币,5250,"263网络通信(二六三),随锐科技",,,,,
,,,,,,,,,,,,,,,,,,,2010-03-12,A轮,数千万,人民币,3000,用友幸福投资,,,,,
3151,金山云,金山云,9111010857121431XA,http://www.ksyun.com,云计算服务提供商,金山云2012年从金山软件拆分独立，是一家云计算服务提供商，已推出云服务器、云物理主机、关系型数据库、缓存、表格数据库、对象存储、负载均衡、虚拟私有网络、CDN、托管Hadoop、云安全、云解析等在内的完整云产品，以及适用于游戏、视频、政务、医疗、金融等垂直行业的云服务解决方案。金山云一直进行人工智能的研究和实践工作，推出的覆盖IaaS、Paas、SaaS、行业解决方案四个层面，适用于各行业的多种组合型AI解决方案和服务。,企业服务,企业IT服务,北京,海淀区,2011-03,运营中,989912,605760,40000,72.26,-21.66,4221,2022-12-30,IPO上市,未透露,港元,8000,,北京市海淀区小营西路33号金山软件大厦,010-6292-7777,ksyundns@kingsoft.com,张宏江,CEO
,,,,,,,,,,,,,,,,,,,2020-05-09,IPO上市,5.1亿,美元,331500,,,,,王育林,CEO
,,,,,,,,,,,,,,,,,,,2019-12-03,D+轮,5000万,美元,32500,"建银国际,中国互联网投资基金",,,,,
,,,,,,,,,,,,,,,,,,,2018-01-29,D轮,7.2亿,美元,468000,"顺为资本,金山软件,骊悦投资,中民投,光远资本,天际资本FutureX Capital",,,,,
,,,,,,,,,,,,,,,,,,,2016-05-09,C+轮,5000万,美元,32500,CM投资,,,,,
,,,,,,,,,,,,,,,,,,,2016-02-06,C轮,6000万,美元,39000,"IDG资本,金山软件,华夏基金",,,,,
,,,,,,,,,,,,,,,,,,,2015-03-28,B+轮,5266万,美元,34229,"IDG资本,金山软件",,,,,
,,,,,,,,,,,,,,,,,,,2014-08-01,B轮,数亿,人民币,30000,小米集团,,,,,
,,,,,,,,,,,,,,,,,,,2013-08-01,A轮,2000万,美元,13000,DST Global,,,,,
,,,,,,,,,,,,,,,,,,,2012-12-01,天使轮,182万,美元,1183,"小米集团,雷军",,,,,
9637,品高软件,广州市品高软件股份有限公司,91440101745973157W,http://www.bingocc.com,IT综合服务提供商,品高软件主营业务是以大型应用软件为核心，在云计算、企业门户、工作流、知识管理、项目管理等IT领域提供软件产品研发、高端行业应用项目开发和顾问咨询服务。,企业服务,企业IT服务,广东,广州,2010-01,运营中,91720,419300,458600,4.71,0.572382,966,2021-12-30,IPO上市,9.17亿,人民币,91720,,广州市天河区高唐软件产业基地软件路17号G1栋,020-8701-1227,,黄海,CEO
39107988,旗天科技集团,旗天科技集团股份有限公司,913100006073633775,https://www.qt300061.com/,数字生活营销服务商,旗天科技集团是新一代信息技术下的、拥有自主研发能力的数字科技营销企业，主要服务于银行等持牌金融机构和头部互联网公司，开展面向其海量个人客户的数字科技增值营销业务 。其中数字生活营销业务、银行卡增值营销业务、航旅信息服务业务三大细分业务，交易规模和行业影响力在行业中均居于头部地位。,企业服务,前沿技术,上海,浦东新区,1996-12,运营中,27000,317500,135000,12.56,0.66561,876,2010-03-19,IPO上市,2.7亿,人民币,27000,,上海市浦东新区张江丹桂路999号张江国创中心一期C5幢,021-8039-588,office@kq.300061.com;limy@qt300061.com,,
39086273,智微智能,深圳市智微智能科技股份有限公司,91440300582702079P,http://www.jwipc.com,物联网核心解决方案商,智微智能是一家物联网核心解决方案商，主营产品包括：主板、一体机、OPS模块录播系统、云终端、播放终端、手持支付设备、多功能支付终端、工业主板、工业BOX、工业平板、网安平台和服务器等。,企业服务,行业信息化及解决方案,广东,深圳,2011-09,运营中,104100,416000,520500,27,2.15,1621,2022-08-15,IPO上市,10.41亿,人民币,104100,,深圳市福田区车公庙泰然九路海松大厦B-1303,0755-2398-1887,zenglj@jwele.com.cn,,
39069018,麒麟信安,湖南麒麟信安科技股份有限公司,914301003385143085,http://www.kylinsec.com.cn,信息安全解决方案提供商,麒麟信安是一家信息安全解决方案提供商，旗下拥有操作系统、信息安全和云计算三条自主研发产品线，主营业务包括麒麟操作系统、电子信息集中管控系统、网络安全存储系统、云桌面一体机等内容。,企业服务,企业安全,湖南,长沙,2015-04,运营中,103100,260000,50000,4,"1,39",579,2024-02-01,IPO上市后,未透露,人民币,10000,,长沙高新开发区麒云路20号麒麟科技园1栋4楼,073-18877-7708,,,
,,,,,,,,,,,,,,,,,,,2022-10-28,IPO上市,9.1亿,人民币,91000,,,,,,
,,,,,,,,,,,,,,,,,,,2018-02-02,A轮,未透露,人民币,2000,"天创资本,华软资本CSC,昭德投资",,,,,
,,,,,,,,,,,,,,,,,,,2016-03-01,天使轮,未透露,人民币,100,长沙捷清,,,,,
19694,易点云,北京易点淘网络技术有限公司,911101083180629225,https://www.edianzu.com,企业IT租赁服务与管理平台,易点云品牌属于北京易点淘网络技术有限公司，该公司是国内更受欢迎的企业IT租赁服务与管理平台，在行业领域内不断创新与突破，为企业提供企业IT设备租赁、企业IT运维、固定资产管理系统、设备回收，实现了企业IT服务的基础覆盖。易点云是企业IT租赁服务行业更受欢迎的品牌。用创新思维与优质的服务，改变了传统的企业设备购买模式，开启了中国企业IT租赁服务新时代。先后创造性的推出了一系列的服务，包括免押金、全程保修、全新电脑随用随还、重点城市2小时快速上门等。,企业服务,企业IT服务,北京,海淀区,2014-10,运营中,192068,468160,238800,13.02,-9.02,1734,2023-05-25,IPO上市,5.97亿,港元,47760,,北京市海淀区安宁庄南路易点租大厦,400-886-9528,bd@edianzu.com,纪鹏程,CEO
,,,,,,,,,,,,,,,,,,,2023-05-07,基石轮,1亿,人民币,10000,策源资本,,,,张斌,COO
,,,,,,,,,,,,,,,,,,,2021-03-16,E轮,5亿,人民币,50000,"经纬创投,源码资本,InnoVen Capital毅峰资本,云时资本",,,,常凯斯,联合创始人
,,,,,,,,,,,,,,,,,,,2019-02-20,D+轮,数百万,美元,1950,云时资本,,,,,
,,,,,,,,,,,,,,,,,,,2018-10-16,D轮,6000万,美元,39000,源码资本,,,,,
,,,,,,,,,,,,,,,,,,,2018-03-21,C轮,3200万,美元,20800,"经纬创投,顺为资本,源码资本,洪泰基金,考拉基金",,,,,
,,,,,,,,,,,,,,,,,,,2017-10-18,B轮,1.2亿,人民币,12000,"经纬创投,顺为资本,洪泰基金,考拉基金",,,,,
,,,,,,,,,,,,,,,,,,,2016-12-30,Pre-B轮,7000万,人民币,7000,"经纬创投,顺为资本,考拉基金,1898创投",,,,,
,,,,,,,,,,,,,,,,,,,2015-09-22,A轮,455万,美元,2958,"经纬创投,顺为资本",,,,,
,,,,,,,,,,,,,,,,,,,2015-06-10,天使轮,600万,人民币,600,"洪泰基金,1898创投",,,,,
38954045,鸥玛软件,山东山大鸥玛软件股份有限公司,91370000772057998D,http://www.oumasoft.com/,软件和信息技术服务公司,"鸥玛软件是一家的高科技软件企业。以山东省软件工程技术中心、山东省图像采集与软件工程技术研究中心为平台，进行主要考试与测评领域信息化产品的研究、开发、销售及服务。
",企业服务,企业IT服务,山东,济南,2005-02,运营中,45570,182200,227850,2.1,0.880975,342,2021-11-19,IPO上市,4.56亿,人民币,45570,,山东省济南市高新区伯乐路128号,053-16668-0735,info@oumasoft.com,,
7826,猎聘网, 同道猎聘集团,91110105793416662C,http://www.liepin.com,高端人才社区化招聘网站,猎聘网是一个高端人才社区化招聘网站，实现企业、猎头和职业经理人三方互动的职业发展平台，以经理人个人用户体验为核心，为求职者提供高薪职位、精准推荐等服务，为企业提供职位发布、品牌曝光、猎头沟通等服务。,企业服务,人力资源,北京,朝阳区,2006-10,运营中,477020,1161600,1161600,24.37,0.29503,2000,2018-06-29,IPO上市,29.04亿,港元,232320,,北京市朝阳区八里庄北里220号中远物流大厦配楼3层,400-6838-789,,戴科彬,CEO
,,,,,,,,,,,,,,,,,,,2016-06-28,D轮,数亿,美元,195000,"经纬创投,千合资本,中移创新产业基金(中国移动),华泰证券,信达汉石,天弘基金,天时开元,国投创新,钜派投资",,,,戴科英,联合创始人
,,,,,,,,,,,,,,,,,,,2014-04-14,C轮,7000万,美元,45500,"经纬创投,华平投资",,,,,
,,,,,,,,,,,,,,,,,,,2013-01-31,B轮,数百万,美元,1950,经纬创投,,,,,
,,,,,,,,,,,,,,,,,,,2011-11-13,A轮,数百万,美元,1950,经纬创投,,,,,
,,,,,,,,,,,,,,,,,,,2010-01-12,天使轮,数百万,人民币,300,58同城,,,,,
3016,人瑞人才,上海人瑞网络科技有限公司,913101080558962113,http://www.renruihr.com/index,人力资源综合服务提供商,人瑞集团是一家人力资源综合服务提供商，集人才外包、业务外包、招聘外包和企业内训等业务于一体，基于大数据运营的互联网招聘模式，帮助企业完成高效的招聘，此外还提供员工关系和福利管理、员工绩效管理和呼叫中心业务外包。,企业服务,人力资源,上海,静安区,2012-10,运营中,89760,319120,368800,45.44,0.74579,"34,934",2019-12-13,IPO上市,9.22亿,港元,73760,,上海市静安区恒丰路200号泰禾大厦7、8楼,021-8029-6600,qiuyangchenzi@renruihr.com,,
,,,,,,,,,,,,,,,,,,,2016-03-11,C轮,1亿,人民币,10000,"Macquarie麦格理,基石资本",,,,,
,,,,,,,,,,,,,,,,,,,2014-04-24,B轮,数千万,人民币,3000,"君联资本,Macquarie麦格理",,,,,
,,,,,,,,,,,,,,,,,,,2012-05-01,A轮,数千万,人民币,3000,君联资本,,,,,
20908,金蝶软件,金蝶国际,914403006188392540,http://www.kingdee.com,企业云服务ERP解决方案提供商,金蝶软件是一个企业云服务ERP解决方案提供商，注于提供标准、安全、高效、可控的云平台和中间件产品及专业服务。,企业服务,企业IT服务,广东,深圳,1993-06,运营中,329742,3600000,650000,61.29,-3.5,11968,2023-12-11,IPO上市后,2亿,美元,130000,卡塔尔投资局QIA,,,,陈武强,CEO
,,,,,,,,,,,,,,,,,,,2017-03-27,IPO上市后,1400万,美元,9100,"京东,涌金集团",,,,,
,,,,,,,,,,,,,,,,,,,2015-07-13,战略投资,5880万,人民币,5880,太极股份,,,,,
,,,,,,,,,,,,,,,,,,,2015-05-18,IPO上市后,1.71亿,美元,111150,京东,,,,,
,,,,,,,,,,,,,,,,,,,2007-06-11,IPO上市后,844万,美元,5486,,,,,,
,,,,,,,,,,,,,,,,,,,2001-02-15,IPO上市,未透露,美元,65000,,,,,,
,,,,,,,,,,,,,,,,,,,1999-11-03,B轮,241万,美元,1566,IDG资本,,,,,
,,,,,,,,,,,,,,,,,,,1998-05-01,A轮,240万,美元,1560,IDG资本,,,,,
1969,极光, 和讯华谷信息技术有限公司,914403005977642993,https://www.jiguang.cn,实时大数据综合服务商,极光是中国领先的移动大数据服务商。公司自2011年成立以来专注于为app开发者提供稳定高效的消息推送、统计分析、即时通讯和短信等开发者服务，业务包括极光开发者服务、极光效果通和极光数据服务三大体系。,企业服务,数据服务,广东,深圳,2012-09,运营中,178100,433550,650000,2.9,-0.64554,460,2018-07-27,IPO上市,2亿,美元,130000,,深圳市南山区智恒产业园7栋5楼;南山区南头关口二路智恒战略性新兴产业园7栋501,400-612-5955;0755-83881462 ,sales@jiguang.cn;sall@jpush.cn,王小导,CEO
,,,,,,,,,,,,,,,,,,,2017-07-06,D轮,数千万,美元,19500,富达投资Fidelity Investments,,,,方家文,产品总监
,,,,,,,,,,,,,,,,,,,2016-06-30,C轮,数千万,美元,19500,"曼图资本Mandra Capital,TCL创投,复星锐正资本,Sinar Mas Group/金光集团,国海创新资本,汉鼎宇佑",,,,张虎,CTO(已离职)
,,,,,,,,,,,,,,,,,,,2015-05-20,B轮,1000万,美元,6500,"IDG资本,曼图资本Mandra Capital,复星锐正资本",,,,,
,,,,,,,,,,,,,,,,,,,2014-06-12,A轮,400万,美元,2600,IDG资本,,,,,
28212,立方控股,杭州立方控股股份有限公司,91330100721062535Y,http://www.reformer.com.cn,智慧物联解决方案提供商和运营商,立方控股是一家智慧物联解决方案提供商和运营商。依据AIOT技术，提供智慧停车、门禁通道及安全应急的设备系统和运营服务，及其全套解决方案。为城市治理、企业管理、个人生活创造价值。,企业服务,行业信息化及解决方案,浙江,杭州,2000-04,运营中,41300,69300,56000,4.65,0.430232,1054,2023-11-02,IPO上市,1.12亿,人民币,11200,,浙江省杭州市西湖区西斗门路3号天堂软件园D幢11楼A座,,,周林健,CEO
,,,,,,,,,,,,,,,,,,,2020-07-06,新三板定增,数千万,人民币,3000,湖畔宏盛,,,,,
,,,,,,,,,,,,,,,,,,,2016-02-18,新三板定增,1.41亿,人民币,14100,,,,,,
,,,,,,,,,,,,,,,,,,,2015-07-29,新三板,未透露,人民币,10000,,,,,,
,,,,,,,,,,,,,,,,,,,2015-05-25,A轮,数千万,人民币,3000,湖畔山南资本,,,,,
15645,世纪互联,北京世纪互联宽带数据中心有限公司,9111010578615131XD,http://www.ch.21vianet.com,第三方的互联网基础设施服务提供商,世纪互联是全球具有重要影响力的网络空间基础设施服务提供商之一，也是中国领先的第三方中立数据中心运营商之一。世纪互联致力于提供业界领先的数据中心服务、中立的云运营及中立的混合IT服务，打造具有核心技术、超大规模运营能力、高附加值的网络空间基础设施运营平台。,企业服务,云服务,北京,朝阳区,2006-03,运营中,969850,300000,971750,74.13,-24.83,3293,2023-12-29,IPO上市后,2.99亿,美元,194350,山高控股,北京市朝阳区酒仙桥东路10号,010-8456-2121,marketing@21vianet.com,,
,,,,,,,,,,,,,,,,,,,2020-06-23,IPO上市后,1.5亿,美元,97500,黑石集团Blackstone,,,,,
,,,,,,,,,,,,,,,,,,,2016-05-23,IPO上市后,3.88亿,美元,252200,荷塘创投,,,,,
,,,,,,,,,,,,,,,,,,,2014-12-01,IPO上市后,2.92亿,美元,189800,"淡马锡Temasek,小米集团,金山软件",,,,,
,,,,,,,,,,,,,,,,,,,2011-04-21,IPO上市,数亿,美元,195000,,,,,,
,,,,,,,,,,,,,,,,,,,2008-06-15,C轮,4000万,美元,26000,"经纬创投,纪源资本",,,,,
,,,,,,,,,,,,,,,,,,,2007-02-28,B轮,2000万,美元,13000,IDG资本,,,,,
,,,,,,,,,,,,,,,,,,,2002-01-20,A轮,2000万,人民币,2000,IDG资本,,,,,
38552496,榕基软件,福建榕基软件股份有限公司,913500006285075795,http://www.rongji.com,行业应用软件开发服务提供商,榕基软件是一家行业应用软件开发服务提供商，专注于电子政务、质检三点工程、协同管理、信息安全、应用中间件等领域产品的研发，为用户提供榕基政务信息化系统、榕基电子单证易查系统、榕基电子缴费系统等产品，同时旗下还拥有“榕基服务超市”，用户可在平台买到相关的软件。,企业服务,开发者服务,福建,福州,1993-10,运营中,106200,360000,50000,6.66,0.095768,888,2018-09-30,IPO上市后,未透露,人民币,10000,中国人寿,福州市鼓楼区铜盘路福州软件园产业基地,0591-8786-0988,luweiyi@rongji.com,,
,,,,,,,,,,,,,,,,,,,2010-09-15,IPO上市,9.62亿,人民币,96200,,,,,,
38513296,莱斯信息,南京莱斯信息技术股份有限公司,913201001348786874,,民用指挥信息系统整体解决方案提供商,莱斯信息是民用指挥信息系统整体解决方案提供商，主要提供以指挥控制技术为核心的指挥信息系统整体解决方案和系列产品。目前已形成面向民航空中交通管理、城市道路交通管理、城市治理三大行业，提供空管自动化系统、空管场面管理系统、机场机坪塔台管制自动化系统、空管模拟机系统、空管流量管理系统、交通信号控制系统与设备、城市综合指挥平台、公共信用信息服务平台及人防应急指挥信息系统等核心产品的业务格局。,企业服务,企业IT服务,江苏,南京,1988-07,运营中,103300,413200,516500,15.76,0.969348,895,2023-06-28,IPO上市,10.33亿,人民币,103300,,南京市秦淮区永智路8号,025-8228-5905,les@les.cn,,
30844,工大高科,合肥工大高科信息科技股份有限公司,91340100726317672P,http://www.gocom.cn,工程安全监控产品研发商,工大高科是一家专业从事具有物联网技术架构特征的矿井移动目标安全监控、铁路信号控制与智能调度产品研发、生产的企业服务提供商。,企业服务,行业信息化及解决方案,安徽,合肥,2000-12,运营中,58650,224200,93250,3.016,0.4229,223,2021-06-28,IPO上市,1.87亿,人民币,18650,,安徽省合肥市合肥国家高新技术产业开发区天智路27号,0551-65256623,gocom@gocom.cn,魏臻,创始人
,,,,,,,,,,,,,,,,,,,2021-05-31,退市,未透露,人民币,10000,,,,,,
,,,,,,,,,,,,,,,,,,,2016-04-18,新三板定增,未透露,人民币,10000,正奇投资,,,,,
,,,,,,,,,,,,,,,,,,,2015-12-31,新三板定增,未透露,人民币,10000,"国元股权,国元证券",,,,,
,,,,,,,,,,,,,,,,,,,2015-11-18,新三板,未透露,人民币,10000,,,,,,
16426,Boss直聘,北京华业基石网络技术有限公司,91110105059255438G,http://www.bosszhipin.com,BOSS与牛人直接开聊的招聘工具,BOSS直聘是一款BOSS与牛人直接开聊的招聘工具，通过去除中间环节、简历+行为数据匹配等方式提升招聘找工作效率，让牛人更快获得更多优质机会。平台覆盖主流互联网公司、金融、文化传媒、汽车房地产等行业。北京华业基石网络技术有限公司(看准网)旗下产品。,企业服务,人力资源,北京,朝阳区,2012-12,运营中,843900,5368000,40000,59.52,12.22,24293,2022-12-22,IPO上市,未透露,港元,8000,,北京市朝阳区太阳宫中路8号冠捷大厦302,010-8415-0633,liuna@kanzhun.com,赵鹏,CEO
,,,,,,,,,,,,,,,,,,,2021-06-11,IPO上市,9.12亿,美元,592800,,,,,张磊,产品VP
,,,,,,,,,,,,,,,,,,,2019-11-28,E轮,数亿,美元,195000,"腾讯投资,华兴新经济基金",,,,,
,,,,,,,,,,,,,,,,,,,2016-09-22,C轮,2800万,美元,18200,"今日资本,策源创投,华映资本,顺为资本,高榕资本,和玉资本",,,,,
,,,,,,,,,,,,,,,,,,,2016-07-14,B轮,数千万,美元,19500,"今日资本,顺为资本",,,,,
,,,,,,,,,,,,,,,,,,,2015-12-16,Pre-B轮,1000万,美元,6500,众为资本,,,,,
,,,,,,,,,,,,,,,,,,,2015-04-16,A+轮,数百万,美元,1950,顺为资本,,,,,
,,,,,,,,,,,,,,,,,,,2014-01-23,A轮,数百万,美元,1950,"策源创投,顺为资本,和玉资本",,,,,
38207485,普联软件,普联软件股份有限公司,913701007317289784,http://www.pansoft.com/,企业管理信息化方案及IT综合服务提供商,普联软件是大型企业管理信息化方案及IT综合服务提供商，主要面向石油、化工、建筑、地产、电力、矿产、装备制造、银行、保险、政府事业等行业客户，广泛从事生产、经营、财务、资金、内控、监管、人力资源等领域的信息化服务，提供信息系统的方案设计、软件开发、系统实施及技术支持。,企业服务,行业信息化及解决方案,山东,济南,2001-09,运营中,39840,183400,199200,6.94,1.63,2470,2021-06-03,IPO上市,3.98亿,人民币,39840,,济南市高新区齐鲁软件园B座,0531-8887-2656,,,
6696,北森,北京北森云计算股份有限公司,91110108775491714G,http://www.beisen.com,一体化人才管理云平台供应商,北森是一家人力资源科技公司，拥有国内领先的一体化HR SaaS及人才管理平台——iTalentX， 为客户提供云端HR软件、人才管理技术和平台的端到端整体解决方案。,企业服务,人力资源,北京,海淀区,2002-01,运营中,297900,300000,300000,7.51,-25,1901,2023-04-13,IPO上市,1.55亿,港元,12400,,北京市海淀区上地东路35号颐泉汇7层,400-650-6878,marketing@beisen.com,王朝晖,董事长
,,,,,,,,,,,,,,,,,,,2021-05-11,F轮,2.6亿,美元,169000,"红杉中国,经纬创投,深创投,高盛(中国),富达投资Fidelity Investments,春华资本Primavera,元生资本,软银愿景基金",,,,纪伟国,CEO
,,,,,,,,,,,,,,,,,,,2018-10-23,E轮,1亿,美元,65000,"红杉中国,经纬创投,元生资本",,,,,
,,,,,,,,,,,,,,,,,,,2018-04-28,退市,未透露,人民币,10000,,,,,,
,,,,,,,,,,,,,,,,,,,2017-06-01,新三板定增,2亿,人民币,20000,"经纬创投,元生资本",,,,,
,,,,,,,,,,,,,,,,,,,2016-07-28,新三板,数千万,人民币,3000,,,,,,
,,,,,,,,,,,,,,,,,,,2015-04-28,C轮,1.1亿,人民币,11000,"红杉中国,经纬创投,青宥仟和投资",,,,,
,,,,,,,,,,,,,,,,,,,2013-02-01,B轮,1000万,美元,6500,"红杉中国,经纬创投",,,,,
,,,,,,,,,,,,,,,,,,,2010-08-01,A轮,1000万,人民币,1000,"深创投,天创资本",,,,,
37997160,亚信安全,亚信安全科技股份有限公司,91510100732356360H,http://www.asiainfo-sec.com/,网络安全软件提供商,亚信安全是中国网络安全软件领域的领跑者，作为“懂网、懂云”的安全公司，致力于护航产业互联网，成为在5G云网时代，守护云、网、边、端的安全智能平台企业。,企业服务,企业安全,江苏,南京,2014-11,运营中,122600,1120400,561500,16.67,2.12,2882,2022-02-09,IPO上市,11.23亿,人民币,112300,,南京市雨花台区花神大道98号东久创新中心1号楼1-4F,181-6810-7202,191953759@qq.com,,
,,,,,,,,,,,,,,,,,,,2020-07-29,战略投资,未透露,人民币,10000,"深创投,华盖资本,中金公司,联新资本,尚颀资本,中金甲子,国投创新,上海国和投资,清控银杏创投,晨山资本,中金资本,国投创合,中国互联网投资基金,君度投资,优山资本,未来启创基金,中科院资本管理,屹唐华创",,,,,
,,,,,,,,,,,,,,,,,,,2013-09-01,战略投资,数百万,人民币,300,亚信联创,,,,,
7014,金山办公,北京金山办公软件股份有限公司,91110108587665983J,http://www.wps.cn/,办公软件工具,金山办公(688111.SH )，是全球领先的办公软件和服务提供商，主要从事 WPS Office 办公软件产品及服务的设计研发及销售推⼴。著名产品包括 WPS Office 办公软件、⾦⼭⽂档等协同办公产品、⾦⼭词霸等，可在 Windows、Linux、macOS、Android、iOS 等众多主流操作平台上应⽤。,企业服务,办公OA,北京,海淀区,1988-06,运营中,495500,6456100,2315000,45.56,13.9,4558,2019-11-18,IPO上市,46.3亿,人民币,463000,,北京市海淀区小营西路33号二层商业办公C区,4006-775-005,zhangbo1@kingsoft.com,章庆元,金山办公CEO
,,,,,,,,,,,,,,,,,,,2013-11-01,A轮,5000万,美元,32500,"五源资本,纪源资本,顺为资本",,,,,
37919573,线上线下,无锡线上线下通讯信息技术股份有限公司,913202110535042298,http://www.wxxsxx.cn/,移动互联网运营支撑服务商,线上线下是一家具有丰富行业经验的移动信息服务提供商。“线上线下”依托于体系化的服务流程、自主研发的业务平台，通过对电信运营商的通信资源的整合，秉承“技术驱动服务、深耕行业客户、连接创造价值”的企业文化理念，致力于为客户提供安全、有效、及时的移动信息服务。,企业服务,企业IT服务,江苏,无锡,2012-09,运营中,43400,327800,207000,19.37,0.561654,239,2021-03-22,IPO上市,4.14亿,人民币,41400,,无锡市高浪东路999号-8-C1-701,0510-6888-0518,wangxj@wxxsxx.co,,
,,,,,,,,,,,,,,,,,,,2017-06-29,A轮,未透露,人民币,2000,"易简集团-易简资本,联成资产",,,,,
8858,光环新网,北京光环新网科技股份有限公司,91110000700006921H,http://www.sinnet.com.cn,一家互联网基础设施综合服务提供商,光环新网是一家互联网基础设施综合服务提供商，主营业务为向客户提供互联网宽带接入服务(ISP)、互联网数据中心服务(IDC、CDN及其增值服务)以及其他互联网综合服务。,企业服务,企业IT服务,北京,东城区,1999-01,运营中,74800,3909900,261500,78.55,4.87,1148,2014-01-29,IPO上市,5.23亿,人民币,52300,,,,,,
,,,,,,,,,,,,,,,,,,,2010-12-01,B轮,数千万,美元,19500,红杉中国,,,,,
,,,,,,,,,,,,,,,,,,,2001-03-01,A轮,数千万,人民币,3000,,,,,,
30820,鸿冠信息,上海鸿冠信息科技股份有限公司,91310000792763857Q,http://www.hongguaninfo.com,IT综合服务提供商,鸿冠信息是一家IT综合服务提供商，是上海市软件企业、高新技术企业，提供计算机软件开发实施、IT信息技术咨询服务、高端的企业与商业信息化解决方案服务。,企业服务,企业IT服务,上海,黄浦区,2006-09,运营中,,,,1.17,0.060656,,,,,,,,上海市黄浦区汉口路300号解放日报大厦10楼,021-5240-1298,hr@hongguaninfo.com;hejian@hongguaninfo.com,,
23075,山石网科,山石网科通信技术股份有限公司,91320505578177101Y,http://www.hillstonenet.com.cn/,网络安全解决方案提供商,山石网科是一家网络安全解决方案提供商，业务涵盖云计算安全、边界安全、内网安全、数据安全、智能分析管理等领域，产品“智能防火墙”基于自主研发的安全操作系统StoneOS，用智能关联分析方法实现基于信誉的安全管理控制。,企业服务,企业安全,北京,海淀区,2007-02,运营中,269300,940000,474500,9.01,-2.6,1741,2019-09-30,IPO上市,9.49亿,人民币,94900,,北京市海淀区宝盛南路1号院20号楼5层,400-828-6655,marketing@hillstonenet.com,罗东平,CEO
,,,,,,,,,,,,,,,,,,,2018-12-17,战略投资,数亿,人民币,30000,"奇虎360,博彦科技,同心基金,嘉铭浩春,伟畅投资",,,,DONGPING LUO(罗东平),董事长
,,,,,,,,,,,,,,,,,,,2018-06-19,战略投资,未透露,美元,65000,"北极光创投,国开金融,元禾原点,苏高新金控/苏高新创投,征和惠通,宜兴光控,聚坤投资",,,,,
,,,,,,,,,,,,,,,,,,,2016-04-13,E轮,数亿,人民币,30000,"元禾控股,光大集团,国开金融",,,,,
,,,,,,,,,,,,,,,,,,,2015-05-28,D轮,数千万,美元,19500,北极光创投,,,,,
,,,,,,,,,,,,,,,,,,,2011-08-22,C轮,数千万,美元,19500,"北极光创投,Vickers,银湖投资Silver Lake",,,,,
,,,,,,,,,,,,,,,,,,,2009-05-22,B轮,1000万,美元,6500,"北极光创投,Vickers",,,,,
,,,,,,,,,,,,,,,,,,,2007-03-22,A轮,600万,美元,3900,"北极光创投,荷塘创投,奥迈资本",,,,,
37532467,威士顿,上海威士顿信息技术股份有限公司,9131000070326044X6,http://www.wsdinfo.com/,企业信息系统解决方案提供商,上海威士顿信息技术股份有限公司成立于2001年，是专注于智能制造和大数据领域的整体信息化解决方案供应商。公司的主营业务是向客户提供企业信息系统解决方案的咨询、设计、开发、实施、运维等各类信息化产品和服务。,企业服务,行业信息化及解决方案,上海,长宁区,2001-05,运营中,71000,284000,355000,3.07,0.690589,420,2023-06-21,IPO上市,7.1亿,人民币,71000,,上海市长宁区长宁路999号643室,,mkt@wsdinfo.com,,
11750,英方软件,上海英方软件股份有限公司,91310000580604539W,http://www.i2yun.com/,专注于数据复制和灾备服务,英方软件是一家专注于数据复制的基础软件企业，致力于动态文件复制、数据库复制等核心技术的研发与应用，拥有国内唯一的字节级复制技术，产品广泛应用于灾备、数据保护、云数据管理等领域，帮助各类用户打破数据孤岛，实现数据互联互通，为数字经济的发展保驾护航。英方云(i2yun.com)是英方旗下企业业务连续性云服务平台，基于互联网为用户提供迁移、灾备和高可用等服务。,企业服务,企业IT服务,上海,闵行区,2011-08,运营中,146440,800000,406000,1.97,0.354614,472,2023-01-19,IPO上市,8.12亿,人民币,81200,,上海市浦锦路2049弄万科VMO花园广场38幢6楼615室,400-6178-601,info@info2soft.com,胡军擎,董事长
,,,,,,,,,,,,,,,,,,,2020-12-15,战略投资,数亿,人民币,30000,毅达资本,,,,,
,,,,,,,,,,,,,,,,,,,2019-07-04,B+轮,数千万,人民币,3000,海通开元,,,,,
,,,,,,,,,,,,,,,,,,,2017-12-01,退市,未透露,人民币,10000,,,,,,
,,,,,,,,,,,,,,,,,,,2017-05-11,新三板定增,6240万,人民币,6240,,,,,,
,,,,,,,,,,,,,,,,,,,2016-05-25,新三板,未透露,人民币,10000,,,,,,
,,,,,,,,,,,,,,,,,,,2015-05-04,B轮,未透露,人民币,3000,,,,,,
,,,,,,,,,,,,,,,,,,,2014-06-04,A轮,数千万,人民币,3000,好望角投资,,,,,
37369023,杰创智能,杰创智能科技股份有限公司,91440101683276435R,http://www.nexwise.cn/,智能化解决方案提供商,杰创智能是一家智能化解决方案提供商，致力于智能安全、模式识别、云计算、智能系统应用，提供智能管理系统、公共安全智能系统，同时提供智能系统基础设施建设解决方案，覆盖公共安全、智慧监管、智慧园区、智慧校园、智慧交通等多个领域。,企业服务,行业信息化及解决方案,广东,广州,2008-12,运营中,100100,400400,500500,7.51,0.613537,708,2022-04-20,IPO上市,10.01亿,人民币,100100,,广东省广州市高新技术产业开发区科学大道162号B3栋,020-8398-2000,xuxl@nexwise.com.cn,,
21412,优客工场,优客工场(北京)创业投资有限公司,91110113335534135Y,http://www.urwork.cn/,主打创业的共享办公空间,优客工场是一个创业联合办公社区及创业服务平台，以联合办公空间为核心，为创新企业提供全产业链服务，建设基于社群的商业社交平台和资源配置平台，形成了联合办公空间、FA平台、人力资源、体育旅游、金融服务、创业教育等业态的完整闭环。,企业服务,创业服务,北京,朝阳区,2015-04,运营中,1099850,1000,325000,2.7,-0.51645,357,2020-11-18,IPO上市,未透露,美元,65000,,北京市朝阳区光华路2号阳光100D座,400-1188-891,us@urwork.cn,毛大庆,CEO
,,,,,,,,,,,,,,,,,,,2020-07-07,并购,7.69亿,美元,499850,Orisun Acquisition Corp,,,,白小红,联合创始人
,,,,,,,,,,,,,,,,,,,2019-04-04,战略投资,2亿,人民币,20000,龙熙地产,,,,武文洁,首席经济师
,,,,,,,,,,,,,,,,,,,2018-11-14,D轮,2亿,美元,130000,"易凯资本,全明星投资All-Stars Investment",,,,孙亮,执行总裁
,,,,,,,,,,,,,,,,,,,2018-08-14,战略投资,3亿,人民币,30000,"路劲产业,景荣控股",,,,,
,,,,,,,,,,,,,,,,,,,2018-06-08,C+轮,数亿,人民币,30000,"丝路华创,山东国惠",,,,,
,,,,,,,,,,,,,,,,,,,2018-03-09,并购,未透露,人民币,,无界空间,,,,,
,,,,,,,,,,,,,,,,,,,2018-02-12,战略投资,1.1亿,人民币,11000,"前海梧桐并购基金,高和资本",,,,,
,,,,,,,,,,,,,,,,,,,2017-12-22,C轮,3亿,人民币,30000,"前海梧桐并购基金,场景实验室,中景恒基集团",,,,,
,,,,,,,,,,,,,,,,,,,2017-08-22,战略投资,2亿,人民币,20000,KCC城建股份,,,,,
,,,,,,,,,,,,,,,,,,,2017-08-07,B+轮,12亿,人民币,120000,"首创置业,星牌集团,北京爱康集团,景荣控股",,,,,
,,,,,,,,,,,,,,,,,,,2017-07-04,战略投资,2亿,人民币,20000,爱康创投,,,,,
,,,,,,,,,,,,,,,,,,,2017-04-26,并购,未透露,人民币,,洪泰创新空间,,,,,
,,,,,,,,,,,,,,,,,,,2017-01-18,B轮,4亿,人民币,40000,"普思资本,天弘基金,创合汇资本,俊发地产集团,天明双创科技,大宏集团",,,,,
,,,,,,,,,,,,,,,,,,,2016-08-15,战略投资,1.1亿,人民币,11000,"中国泰合集团,北京百福嘉工程管理",,,,,
,,,,,,,,,,,,,,,,,,,2016-06-21,Pre-B轮,3亿,人民币,30000,"中融信托,银泰集团",,,,,
,,,,,,,,,,,,,,,,,,,2016-03-14,A+轮,2亿,人民币,20000,"汉富控股,方正和生投资,高和资本,领势投资,永柏联投,鸿泰国银,青创客,凯稼投资",,,,,
,,,,,,,,,,,,,,,,,,,2015-09-16,A轮,2亿,人民币,20000,"高榕资本,歌斐资产,汉富控股,中城投资,永柏资本PGA Ventures,领势投资,中城投资1",,,,,
,,,,,,,,,,,,,,,,,,,2015-04-09,天使轮,数千万,人民币,3000,"红杉中国,创新工场,真格基金,鸿坤亿润投资",,,,,
37176293,声迅股份,北京声迅电子股份有限公司,911101081011420915,http://www.telesound.com.cn/,安防整体解决方案和运营服务提供商,声迅股份是一家以智能技术和物联网平台为核心的安防整体解决方案和运营服务提供商。自成立以来一直专注于安防行业，逐步聚焦于AIoT技术(即AI+IoT，人工智能和物联网平台)在监控报警及安全检查等领域的应用，为金融、轨道交通、城市公共安全的行业用户提供智能化、信息化、行业化的安防整体解决方案和安防运营服务。,企业服务,企业安全,北京,海淀区,1994-01,运营中,41500,165800,207500,3.17,0.38087,587,2020-11-26,IPO上市,4.15亿,人民币,41500,,北京市海淀区永丰高新技术产业基地丰贤中路7号孵化楼四层,010-6298-8833,zongcaiban@telesound.com.cn,谭政,董事长兼总经理
36851524,苏交科,苏交科集团股份有限公司,91320000741339087U,,基础设施领域综合解决方案供应商,苏交科是一家基础设施领域综合解决方案供应商，业务涉及公路、市政、水运、铁路、航空、水利、建筑等行业，可以提供包括投融资、项目投资分析、规划咨询、勘察设计、施工监理、工程检测、项目管理、运营养护、新材料研发等全产业链服务。,企业服务,行业信息化及解决方案,江苏,南京,2002-08,运营中,20000,807000,50000,52.27,7.53,8000,2021-09-19,IPO上市后,未透露,人民币,10000,珠江实业,江苏省南京市建邺区富春江东街8号,025—8657-6555,,,
,,,,,,,,,,,,,,,,,,,2012-01-10,IPO上市,未透露,人民币,10000,,,,,,
36843780,华宇软件,北京华宇软件股份有限公司,91110000726360320G,https://www.thunisoft.cn/,电子政务领域软件及信息服务提供商,华宇软件是一家电子政务领域软件及信息服务提供商，业务涵盖了用户信息系统的全生命周期，具体包括信息化系统规划咨询、应用软件定制开发、信息化系统建设、信息化应用推广、信息化系统运维服务等。,企业服务,行业信息化及解决方案,北京,海淀区,2001-06,运营中,206200,1803898,453500,22.22,10.63,4000,2020-11-06,IPO上市后,9.07亿,人民币,90700,中移创新产业基金(中国移动),北京市海淀区中关村东路1号院清华科技园科技大厦C座25层,010-8262-2288,guoxin@thunisoft.com,,
,,,,,,,,,,,,,,,,,,,2019-04-16,IPO上市后,10.55亿,人民币,105500,"蚂蚁集团,四川发展产业引导基金",,,,,
,,,,,,,,,,,,,,,,,,,2011-10-26,IPO上市,未透露,人民币,10000,,,,,,
36843287,天泽信息,有棵树科技股份有限公司,9132000072058020XK,http://www.tiza.com.cn/,产业互联网IT服务提供商,"天泽信息是产业互联网IT服务提供商，目前已形成智能制造、现代农业、公共事业与流通、海外及投资等四大业务群，公司针对高端装备制造企业、交通及物流运输等行业提供以物联网技术为核心的信息管理解决方案及相关的软、硬件产品与服务。
",企业服务,企业IT服务,江苏,南京,2000-05,运营中,307800,280000,1489000,17.64,-27.26,4436,2019-06-11,IPO上市后,29.78亿,人民币,297800,"鼎晖投资,天星资本,广发信德,汤臣倍健,盛世景投资,申银万国投资,方正和生投资,海通创新资本,璀璨资本,先瑞资本,繸子财富,芮泰投资",中国 南京 建邺区 云龙山路80号,400-800-7999,,,
,,,,,,,,,,,,,,,,,,,2011-04-26,IPO上市,未透露,人民币,10000,,,,,,
24217,兑吧,杭州兑吧网络科技有限公司,91330106574371572Y,http://www.duiba.com.cn,用户运营服务平台,兑吧是一家致力于帮助互联网企业提升运营效率的用户运营服务平台，包含两大核心业务——积分商城管理工具、活动工具，并承诺终身免费。成立至今一直在运营领域深度耕耘，通过精细化的运营服务，满足企业个性化运营的需求。目前已有4000家主流App接入了兑吧积分商城，如百度手机助手、赶集生活、58同城等。,企业服务,企业IT服务,浙江,杭州,2014-05,运营中,125760,533360,234800,11.62,0.35383,600,2019-05-07,IPO上市,5.87亿,港元,46960,,,,,陈晓亮,CEO
,,,,,,,,,,,,,,,,,,,2018-08-22,C轮,1.1亿,美元,71500,"兰馨亚洲,TPG德太资本",,,,,
,,,,,,,,,,,,,,,,,,,2016-10-22,B轮,数千万,人民币,3000,"广发信德,鼎聚投资,ROOBO智能管家基金",,,,,
,,,,,,,,,,,,,,,,,,,2015-09-06,A轮,3000万,人民币,3000,"国泰创投,云毅投资,百纳资本",,,,,
,,,,,,,,,,,,,,,,,,,2015-03-11,Pre-A轮,1000万,人民币,1000,"同创伟业,百纳资本",,,,,
,,,,,,,,,,,,,,,,,,,2014-09-10,天使轮,数百万,人民币,300,鼎聚投资,,,,,
36610606,实朴检测,实朴检测技术(上海)股份有限公司,91310116671156516L,http://www.sepchina.cn/,第三方检测集团,实朴检测是一家具有独立法人地位的第三方检测集团，致力于为场地调查评估机构、污染场地修复公司、终端企业和政府机构提供管理咨询，技术服务和工程环境管理的可持续解决方案。,企业服务,科研和社会服务,上海,闵行区,2008-01,运营中,52630,191000,263150,3.51,-0.247219,1163,2022-01-28,IPO上市,5.26亿,人民币,52630,,上海市闵行区都会路2059号2幢2F306室、1F106室,021-6488-0032,postmaster@sepchina.cn,,
8855,鼎捷软件DigiwinSoft,鼎捷软件股份有限公司,91310000734084709Q,http://www.digiwin.com.cn,ERP企业管理软件与服务供应商,鼎捷软件(DigiwinSoft)是一家ERP企业管理软件与服务供应商，其前身是神州数码管理系统有限公司，旗下业务还包括台北成立的鼎新电脑等。,企业服务,企业IT服务,北京,海淀区,2001-12,运营中,118300,368664,280000,19.95,1.98,5500,2020-07-05,IPO上市后,5.6亿,人民币,56000,工业富联,上海市静安区江场路1377弄1号楼22F,400-6265-858,info@digiwin.biz,孙蔼彬,董事长
,,,,,,,,,,,,,,,,,,,2014-01-27,IPO上市,6.23亿,人民币,62300,,,,,叶子祯,董事长
36489925,瑞晟智能,浙江瑞晟智能科技股份有限公司,91330200698208670Y,http://www.sunrise.com.cn/,数字化智能高端装备制造解决方案提供商,瑞晟智能是一家专业从事自动化生产、自动化仓储、自动化分拣与物流系统的研发、制造及销售的企业。公司秉承专业专注，用心服务的理念，以创新为根本，以服务为基石，依靠科学规范的管理、经营机制，不断为客户提供最优的智能制造与智慧物流解决方案，持续为客户创造价值。,企业服务,行业信息化及解决方案,浙江,宁波,2009-12,运营中,54800,360300,174000,3.06,0.11756,630,2020-08-28,IPO上市,3.48亿,人民币,34800,,浙江省宁波市高新区晶辉路16号4楼,0754-8883-6999,sunrise@sunrise.com.cn,,
,,,,,,,,,,,,,,,,,,,2019-08-12,退市,未透露,人民币,10000,,,,,,
,,,,,,,,,,,,,,,,,,,2015-07-01,新三板,未透露,人民币,10000,,,,,,
31332,信雅达,信雅达科技股份有限公司,91330000253917765N,http://www.sunyard.com/,专注于自主产权软件的开发和应用服务,信雅达是一家在上交所上市的软件企业，致力于自主产权软件的开发和应用服务，服务于金融IT、ITO/BPO(软件外包/服务外包)、油气IT、环保科技等领域。,企业服务,法律服务,浙江,杭州,1996-07,运营中,10000,545000,50000,15.37,4.02,8000,2002-11-01,IPO上市,未透露,人民币,10000,,浙江省杭州市滨江区江南大道3888号信雅达科技大厦,0571-56686888 ,mail@sunyard.com,耿俊岭,董事长
11684,迪信通,北京迪信通商贸股份有限公司,911100008029439243,,移动通信终端销售和服务提供商,迪信通是一家移动通信终端销售和服务提供商，采取了直营店和加盟店相结合的连锁经营模式。北京迪信通商贸股份有限公司旗下品牌。,企业服务,销售营销,北京,朝阳区,1993-01,运营中,74794,120000,85530,171.46,-6.61,20000,2019-07-28,IPO上市后,2.14亿,港元,17106,京东,,,,刘东海,创始人
,,,,,,,,,,,,,,,,,,,2014-07-08,IPO上市,数亿,港元,24000,,,,,许继莉,董事长
,,,,,,,,,,,,,,,,,,,2014-07-01,基石轮,4875万,美元,31688,"奇虎360,TCL创投",,,,,
,,,,,,,,,,,,,,,,,,,2009-12-28,A轮,未透露,人民币,2000,鼎晖投资,,,,,
35407816,海联讯,杭州海联讯科技股份有限公司,914403007152459096,http://www.hirisun.com/,电力企业综合整体解决方案提供商,海联讯是一家从事电力信息化系统集成业务的国家高新技术企业。本公司面向电力企业，以提供综合性整体解决方案的形式，从事电力企业信息化建设业务，并提供相关的技术及咨询服务。本公司提供的产品和服务可广泛应用于电力行业产业链发电、输电、变电、配电、用电和调度等各个环节，全面提升用户信息化水平，为客户创造价值。,企业服务,企业IT服务,广东,深圳,2000-01,运营中,107260,245000,315500,2.58,0.21088,137,2019-11-11,IPO上市后,6.31亿,人民币,63100,杭州金投,深圳市南山区深南大道市高新技术园R2厂房B区3a层,0755-2697-2918,zxp@hirisun.com,王天青,董事长
,,,,,,,,,,,,,,,,,,,2015-09-14,IPO上市后,3660万,人民币,3660,中科招商,,,,,
,,,,,,,,,,,,,,,,,,,2011-11-23,IPO上市,3.91亿,人民币,39100,,,,,,
,,,,,,,,,,,,,,,,,,,2010-12-07,A轮,1400万,人民币,1400,中科招商,,,,,
35287094,矩子科技,上海矩子科技股份有限公司,91310000667825748L,http://www.jutze.com.cn/cn/,视觉检测设备研发商,矩子科技是主要研发生产自动光学检测系统的高科技企业，公司自主研发的基于光学原理来对表面贴装后印刷线路板的外观不良进行检测。公司产品技术处于国际领先水平，实现进口替代；系列产品广泛应用于消费类电子，通信终端设备，电脑及周边设备，家用电器，工业控制，汽车电子等领域。主要客户是SMT生产厂商，如夏普、TCL、长虹、富士康、诺基亚、达丰、PC Partner等。,企业服务,科研和社会服务,上海,闵行区,2007-11,运营中,110100,471000,215000,6.84,1.49,844,2023-08-25,IPO上市后,4.3亿,人民币,43000,,上海市闵行区中春路7001号明谷科技园E栋101-102室,021-3468-7800,yanwen.ge@jutze.com.cn,,
,,,,,,,,,,,,,,,,,,,2020-07-06,IPO上市后,8000万,人民币,8000,"张寒,崔岺",,,,,
,,,,,,,,,,,,,,,,,,,2019-11-14,IPO上市,5.51亿,人民币,55100,,,,,,
,,,,,,,,,,,,,,,,,,,2013-12-03,A轮,未透露,人民币,2000,"凯风创投,领庆创投TheLinhuiFund",,,,,
,,,,,,,,,,,,,,,,,,,2013-12-01,A轮,未透露,人民币,2000,"凯风创投,领庆创投TheLinhuiFund",,,,,
35074118,浪潮信息,浪潮电子信息产业股份有限公司,91370000706266601D,,计算平台与IT应用方案解决提供商,浪潮信息是一家计算平台与IT应用方案解决提供商，为用户提供服务器，行业应用软件，ERP等软件产品。,企业服务,企业IT服务,山东,济南,1998-10,运营中,50100,5793000,250500,695.25,21.6,30000,2000-06-08,IPO上市,5.01亿,人民币,50100,,济南市浪潮路1036号,,hanyue.lc@inspur.com,,
35000781,怡合达,东莞怡合达自动化股份有限公司,91441900566614589Q,http://www.yiheda.com,工业自动化零部件采购平台,"怡合达是一家工业自动化零部件采购平台,为用户提供机械标准零件、气动元件、检测用零件、马达驱动、电气控制零件等十余种大类的零部件产品,同时提供非标自动化智能设备整机解决方案。",企业服务,行业信息化及解决方案,广东,东莞,2010-12,运营中,80430,4500000,252150,18.03,4.64,2535,2021-07-23,IPO上市,5.04亿,人民币,50430,,东莞市虎门镇北栅东坊工业区,0769-8888-6777 ,service@yiheda.com,金立国,董事长
,,,,,,,,,,,,,,,,,,,2019-03-01,A轮,数亿,人民币,30000,"深创投,钟鼎资本,高瓴创投",,,,,
34999794,数字认证,北京数字认证股份有限公司,91110108722619411A,http://www.bjca.org.cn/,息安全解决方案提供商,数字认证是一家息安全解决方案提供商，主要业务为电子认证服务、电子认证产品及可管理的信息安全服务。具有工业和信息化部颁发的电子认证服务许可证资质，国家密码管理局颁发的商用密码销售、使用许可资质和电子政务电子认证服务许可资质、卫生系统电子认证服务资质的电子认证服务商,企业服务,行业信息化及解决方案,北京,海淀区,2001-02,运营中,26600,576000,133000,9.72,-0.772415,1429,2016-12-23,IPO上市,2.66亿,人民币,26600,,北京市海淀区北四环西路68号1501号;北京市海淀区北四环西路68号1501号 ,010-5804-5600 ,bjcaxh@bjca.org.cn,林雪焰,总经理
34998664,瑞特股份,常熟市国瑞科技股份有限公司,9132050062822013XT,http://www.cn-ruite.com/,船舶电系统集成解决方案提供商,"瑞特股份是一家船舶电系统集成解决方案提供商，专注于为船舶提供中、低压配电系列、电力电子系列,自动化管理系统系列、自动化设备及控制装置系列,船用断路器、加固计算机及可穿戴设备,并为用户提供船舶电气成套系统集成解决方案与售后服务。",企业服务,行业信息化及解决方案,江苏,苏州,1993-02,运营中,36300,283000,171500,2.2,-3.17,1890,2017-01-25,IPO上市,3.43亿,人民币,34300,,常熟市虞山镇高新技术产业园青岛路2号,0512-5234-5677,sz@cs-ruite.com,龚瑞良,董事长兼总经理
,,,,,,,,,,,,,,,,,,,2012-04-25,A轮,未透露,人民币,2000,"中科招商,国发创投,浚源资本,国发融富",,,,,
34986298,宝兰德软件,北京宝兰德软件股份有限公司,911101086738170589,https://www.bessystem.com/,基础设施软件研发及推广服务提供商,宝兰德软件是一家基础设施软件研发及推广服务提供商，是一家专注于基础软件研发及推广的高新技术软件企业。宝兰德产品线已经覆盖到了基础软件领域的中间件、容器PaaS平台、智能运维和大数据等多个方向。,企业服务,企业IT服务,北京,海淀区,2008-03,运营中,109300,208000,150000,2.48,-0.364776,575,2019-12-31,IPO上市后,数亿,人民币,30000,"中信证券,时间投资",北京市海淀区上地六街17号6314室,4006-501-976,donghui.zhang@bessystem.com,易存道,董事长
,,,,,,,,,,,,,,,,,,,2019-11-01,IPO上市,7.93亿,人民币,79300,,,,,,
34978570,中国电器院,中国电器科学研究院股份有限公司,91440101100006899U,http://www.cei1958.com/,电器创新与应用研究机构,中国电器院是一家电器创新与应用研究机构，拥有科研开发、科技服务、科技产业三大核心业务板块，其中科研开发业务板块拥有国家级科技研发平台，涵盖能源科学、材料科学、工程科学等领域；科技服务业务板块(CVC威凯)能够为企业提供包括研发、标准制修订、检测、体系认证、产品认证、设备计量校准等质量控制领域的整体解决方案。,企业服务,行业信息化及解决方案,广东,广州,2002-09,运营中,117300,938000,470000,37.95,3.82,2000,2019-11-05,IPO上市,9.4亿,人民币,94000,,广州市海珠区新港西路204号第1栋,0208-905-0855,jinzx@cei1958.com,秦汉军,董事长
,,,,,,,,,,,,,,,,,,,2017-06-01,天使轮,2.33亿,人民币,23300,"正泰集团,建设创投,建信信托",,,,,
34939090,天瑞仪器,江苏天瑞仪器股份有限公司,913205007899341254,http://www.skyray-instrument.com,行业整体解决方案提供商,天瑞仪器是一家行业整体解决方案提供商，为环境保护与安全、工业测试与分析及其它领域提供专业解决方案，同时为电子、电器、珠宝、玩具、食品、建材、冶金、地矿、塑料、石油、化工、医药等众多行业提供更为完善的行业整体解决方案。,企业服务,行业信息化及解决方案,江苏,苏州,2006-07,运营中,24400,225000,72000,15.42,-0.461442,691,2020-09-25,IPO上市后,1.44亿,人民币,14400,"海通证券,兴业证券",昆山市中华园西路1888号,0512-5701-7888 , sales@skyray-instrument.com,刘召贵,董事长
,,,,,,,,,,,,,,,,,,,2011-01-25,IPO上市,未透露,人民币,10000,,,,,,
34732317,中南e行,湖南科创信息技术股份有限公司,91430100183899441P,http://www.chinacreator.com/cn/,信息化综合服务提供商,中南e行是国内智慧政务及智慧企业领域的信息化综合服务提供商，主要致力于为政企客户提供集软件开发、系统集成、IT运维等于一体的信息化综合解决方案。,企业服务,行业信息化及解决方案,湖南,长沙,1998-01,运营中,34400,244000,50000,5.38,0.24226,850,2020-09-21,IPO上市后,未透露,人民币,10000,财信金控,湖南省长沙市岳麓区青山路678号-科创软件园,0731-8375-7888,creator@chinacreator.com,费耀平,董事长
,,,,,,,,,,,,,,,,,,,2019-03-31,B轮,未透露,人民币,3000,银河证券,,,,,
,,,,,,,,,,,,,,,,,,,2018-09-30,A轮,未透露,人民币,2000,中科招商,,,,,
,,,,,,,,,,,,,,,,,,,2017-12-05,IPO上市,1.94亿,人民币,19400,,,,,,
13700,蜂助手,蜂助手股份有限公司,914401015895112324,http://www.phone580.com,数字化虚拟商品的综合服务提供商,蜂助手定位为数字化虚拟商品的综合服务提供商，以虚拟商品的综合运营为基础，以赋能行业应用，助力行业APP“拉新、促活、提升GMV”为出发点，建立跨行业的渠道融合运营模式，建立入口型、生态型的渠道运营体系；坚持以“物联网IOT解决方案(流量运营+解决方案)、云终端整体技术解决方案”为公司两大核心技术产品的研发方向。,企业服务,行业信息化及解决方案,广东,广州,2012-01,运营中,138148,403600,504500,8.79,1.44,360,2023-05-17,IPO上市,10.09亿,人民币,100900,,广州市天河区黄埔大道中660号汇金国际金融中心B栋9楼,020-3238-2352,,,
,,,,,,,,,,,,,,,,,,,2020-10-28,战略投资,未透露,人民币,10000,海通创意资本,,,,,
,,,,,,,,,,,,,,,,,,,2018-04-25,退市,未透露,人民币,10000,,,,,,
,,,,,,,,,,,,,,,,,,,2016-09-02,新三板,未透露,人民币,10000,,,,,,
,,,,,,,,,,,,,,,,,,,2015-09-18,A轮,3648万,人民币,3648,"天星资本,华兴金汇资本,诺为特",,,,,
,,,,,,,,,,,,,,,,,,,2013-12-01,并购,3600万,人民币,3600,汉鼎股份,,,,,
34234134,富通科技控股,富通科技发展控股有限公司,,http://www.futong.com.hk/c/index.html,企业信息化管理解决方安提供商,"富通科技创立于1996年，总部位于北京，并在香港、上海、广州、深圳、成都等二十余个城市设有分支机构及呼叫中心。2009年12月，富通科技发展控股有限公司于香港联合交易所主板成功上市，股票代码:00465.hk。
富通科技凭借20余年的企业级行业经验与强大的研发创新能力，广泛采用云计算、大数据、人工智能等新兴技术，为政府、金融、零售、交通、能源、制造、医疗、电信、媒体等行业客户提供丰富的数字化科技产品、解决方案及专业IT服务。",企业服务,行业信息化及解决方案,香港,湾仔区,2009-07,运营中,8000,9960,40000,1.46,-0.84025,303,2009-12-04,IPO上市,未透露,港元,8000,, 香港湾仔港湾道30号新鸿基中心24楼2406至2412室,00852-2622-2428,contact@futong.com.hk,,
34124627,中国赛特,中国赛特集团有限公司,,http://www.chinasaite.com.cn/html/index.php,钢结构及预制构件建筑解决方案提供商,"中国赛特是一家钢结构及预制构件建筑解决方案提供商，专注于从事建筑结构工程的设计与承包业务，具体涉及住宅房屋、商业楼宇、工业大厦、厂房及公共设施等领域。
",企业服务,行业信息化及解决方案,香港,中西区,2012-09,运营中,16000,2000000,40000,3.88,2.14,236,2019-02-27,IPO上市后,未透露,港元,8000, 江苏凯盟,,052-2126-7434,,,
,,,,,,,,,,,,,,,,,,,2013-11-01,IPO上市,未透露,港元,8000,,,,,,
34118930,清科创业,清科管理顾问集团有限公司,911101057825021009,http://www.zero2ipo.com.cn/,股权投资服务平台,清科集团业务始于二零零一年，是中国领先的创业与投资综合服务平台及知名投资机构。清科集团业务包括研究咨询、数据产品、信息资讯、会议论坛、投资培训、投资银行、产业集聚、直接投资、母基金管理及资产管理。,企业服务,创业服务,北京,朝阳区,2005-11,运营中,60360,376000,176000,2.62,0.21002,306,2020-12-30,IPO上市,4.4亿,港元,35200,,北京市朝阳区霄云路40号院1号楼国航世纪大厦10层1001室,010-6415-8500,editor@zero2ipo.com.cn,倪正东,创始人
,,,,,,,,,,,,,,,,,,,2020-12-16,基石轮,2440万,美元,15860,"红杉中国,IDG资本,高瓴投资,盈科资本",,,,,
,,,,,,,,,,,,,,,,,,,2020-01-15,B轮,数千万,人民币,3000,"华盖资本,梅花创投",,,,,
,,,,,,,,,,,,,,,,,,,2015-12-30,A+轮,数千万,人民币,3000,"网易,普华资本,小村资本,新浪,亦合资本,海尔资本,郁泰投资,臻界资产,金色木棉",,,,,
,,,,,,,,,,,,,,,,,,,2015-11-06,A轮,数千万,人民币,3000,"红杉中国,嘉道私人资本,海尔资本",,,,,
,,,,,,,,,,,,,,,,,,,2005-12-06,天使轮,数百万,人民币,300,"硅谷银行Silicon Valley Bank,翱科创投",,,,,
33801906,明源云,深圳市明源云科技有限公司,91440300755689061Y,https://www.mingyuanyun.com/,地产生态链智能商业服务商,明源云是一家领先的地产生态链智能商业服务商，致力于让地产生态链更智慧。明源云提供企业级ERP解决方案及SaaS产品，致力于推动中国房地产行业的数字化转型，包括销售及营销、采购、成本管理、项目管理、预算以及房地产资产管理等。,企业服务,行业信息化及解决方案,广东,深圳,2003-11,运营中,674400,1920000,2360000,5.23,0.882576,2577,2020-09-25,IPO上市,59亿,港元,472000,,深圳市南山区高新南一道中科大厦24楼,0755-8630-9788,mingyuanyun@mingyuanyun.com,高宇,创始人
,,,,,,,,,,,,,,,,,,,2020-09-14,基石轮,2.76亿,美元,179400,"红杉中国,高瓴投资,BlackRock贝莱德/黑岩,富达投资Fidelity Investments,GIC新加坡政府投资公司,国调基金",,,,陈晓晖,联合创始人
,,,,,,,,,,,,,,,,,,,2019-01-16,退市,未透露,人民币,10000,,,,,姜海洋,联合创始人
,,,,,,,,,,,,,,,,,,,2015-06-19,新三板,未透露,人民币,10000,,,,,,
,,,,,,,,,,,,,,,,,,,2010-08-05,A轮,数千万,人民币,3000,"达晨财智,平安财智",,,,,
33793495,大东方,无锡商业大厦大东方股份有限公司,91320200703514737E,http://www.eastall.com/,致力于消费领域的经营和服务,大东方致力于消费领域的经营和服务，形成三个核心消费领域：百货零售、汽车销售与服务、食品与餐饮。百货领域定位于中高端精品百货的销售与服务，主要为满足消费者的个性化、高端化商品需求。汽车领域定位于规模化的汽车销售及服务。食品领域通过江南美食与餐饮文化的推广，持续打造优质老字号企业的品牌。公司旗下运营千积变APP。,企业服务,综合企业服务,江苏,无锡,1998-01,运营中,37600,188000,188000,31.3,2.47,,2002-06-25,IPO上市,3.76亿,人民币,37600,,无锡市梁溪区中山路343号,0510-8276-6978,ddf009@eastall.com,高兵华,董事长
33636631,贝通信,中贝通信集团股份有限公司,9142010317784054XA,http://www.whbester.com/index.whbs,通信网络技术服务提供商,贝斯特集团是一家通信网络技术服务提供商，主要为用户提供通信网络建设、通信与信息化集成、通信网络优化与维护、通信网络规划与设计等服务。,企业服务,企业IT服务,湖北,武汉,1999-12,运营中,79700,265100,330000,26.43,1.19,2802,2018-11-15,IPO上市,6.6亿,人民币,66000,,武汉市江汉经济开发区江兴路25号 C栋,027-8351-0888 ,,,
,,,,,,,,,,,,,,,,,,,2015-11-17,B轮,1.2亿,人民币,12000,"国投创新,永君资产",,,,,
,,,,,,,,,,,,,,,,,,,2014-11-10,A轮,1000万,人民币,1000,"国信弘盛,山证投资",,,,,
,,,,,,,,,,,,,,,,,,,2013-12-03,天使轮,700万,人民币,700,国信弘盛,,,,,
33406969,曙光数创,曙光数据基础设施创新技术(北京)股份有限公司,911101087351280057,http://www.sugonenergy.com/,数据中心整体解决方案供应商,曙光数创是一家以制冷技术为核心的数据中心整体解决方案供应商，主要提供液态冷却产品、机房空调产品、机房温湿度控制产品、机房微模块产品研究及软件开发、系统集成和技术服务，为科研院所、军工、教育、医疗等领域用户提供数据中心全生命周期建设服务。,企业服务,企业IT服务,北京,海淀区,2002-01,运营中,32800,226200,114000,5.18,1.29,257,2022-11-18,IPO上市,2.28亿,人民币,22800,,北京市海淀区东北旺西路8号院36号楼5层528室,010-5841-8598,chenzhj_jn@sugon.com,史新东,董事长
,,,,,,,,,,,,,,,,,,,2018-06-12,新三板,未透露,人民币,10000,,,,,,
33347449,蕾奥规划,深圳市蕾奥规划设计咨询股份有限公司,914403006748035555,http://www.lay-out.com.cn/,城市规划设计及相关研究咨询服务商,蕾奥股份主营城市规划设计及相关研究咨询服务，产品或服务在与同行业客户竞争的过程中，既要满足行业各类技术法规和规则的要求，又要满足客户多元化的个性需求，公司能否产出较高质量的产品或服务，在很大程度上直接取决于公司专业人才的规划设计灵感创意、专业知识以及项目经验的积累，公司是否具备高素质的规划设计人才，决定了公司是否能够持续获得客户订单、增加销售收入、提升盈利能力。,企业服务,企业IT服务,广东,深圳,2008-05,运营中,89570,309700,347850,4.42,0.326441,618,2021-05-07,IPO上市,6.96亿,人民币,69570,,深圳市福田区下梅林一街1号汉沣楼第四、五层(仅限办公),0755-2396-5209,layout@lay-out.com.cn,王富海,董事长
,,,,,,,,,,,,,,,,,,,2019-09-17,退市,未透露,人民币,10000,,,,,,
,,,,,,,,,,,,,,,,,,,2017-03-13,新三板,未透露,人民币,10000,,,,,,
33334534,中科曙光,曙光信息产业股份有限公司,91120000783342508F,https://www.sugon.com/,软件开发和系统集成服务提供商,中科曙光是软件开发和系统集成服务提供商，主要从事研究、开发、生产制造高性能计算机、通用服务器及存储产品，并围绕高端计算机提供软件开发、系统集成与技术服务。旗下产品包括服务器产品、安全产品、存储产品、云计算产品等，可应用于电信、医疗卫生、金融、石油等行业。,企业服务,开发者服务,天津,和平区,2006-03,运营中,19000,674000,50000,130.08,19.06,4000,2014-11-06,IPO上市,未透露,人民币,10000,,华苑产业区(环外)海泰华科大街15号1-3层,,,李国杰,董事长
,,,,,,,,,,,,,,,,,,,2008-01-24,天使轮,9000万,人民币,9000,天富创业投资,,,,,
33284970,国子软件,山东国子软件股份有限公司,913701007600280302,http://www.googosoft.com/,应用软件产品研发和行业解决方案提供商,国子软件是一家应用软件产品研发和行业解决方案提供商，专注于面向教育领域提供各类学校和教育主管部门的教育教学管理解决方案，同时致力于电子文件和数字档案管理的研究，开发出了电子文件管理系统、数字档案管理系统、OA系统等产品。,企业服务,行业信息化及解决方案,山东,济南,2004-03,运营中,34300,93000,116500,2.01,0.582884,750,2023-08-23,IPO上市,2.33亿,人民币,23300,,山东省济南市高新技术产业开发区齐鲁文化创意基地5号楼4单元,0531-89701712,gzsmkj@163.com,韩承志,总经理
,,,,,,,,,,,,,,,,,,,2022-07-11,新三板定增,1000万,人民币,1000,中泰财金,,,,,
,,,,,,,,,,,,,,,,,,,2018-08-02,新三板,未透露,人民币,10000,,,,,,
33272777,华胜天成,北京华胜天成科技股份有限公司,91110000633713190R,http://www.teamsun.com.cn/,IT 综合服务提供商,华胜天成是一家IT 综合服务提供商。华胜天成的业务方向涉及云计算、大数据、移动互联网、物联网、信息安全等领域，业务领域涵盖IT产品化服务、应用软件开发、系统集成及增值分销等多种IT服务业务。,企业服务,企业IT服务,北京,海淀区,1998-11,运营中,41100,598000,205500,40.7,-3.66,5000,2004-04-27,IPO上市,4.11亿,人民币,41100,,北京市海淀区东北旺西路软件园二期华胜天成科研大楼,010-80986666,,王维航,董事长
33261339,迈拓仪表,迈拓仪表股份有限公司,91320000795354485T,http://www.njmeter.cn/,智能计量和智慧水务服务商,"迈拓仪表是一家智能计量和智慧水务服务商，提供智能水计量、智能热计量整体解决方案，专注于超声波计量仪表、智能计量通讯产品及智能计量服务平台(SMSP,Smart Metering Service Platform)的持续技术创新，公司产品与服务广泛应用于城市供水、供热、消防、水处理及工业、楼宇等能效资源管理相关领域。",企业服务,行业信息化及解决方案,江苏,南京,2006-12,运营中,48060,200800,225300,3.58,1.26,433,2021-06-07,IPO上市,4.51亿,人民币,45060,,江苏省南京市江宁滨江经济开发区喜燕路5号,025-86981981,njmeter@163.com,孙卫国,董事长
,,,,,,,,,,,,,,,,,,,2018-04-12,A轮,数千万,人民币,3000,动平衡资本,,,,,
,,,,,,,,,,,,,,,,,,,2018-05-16,IPO上市,12亿,人民币,120000,,,,,,
,,,,,,,,,,,,,,,,,,,2007-12-01,A轮,6600万,美元,42900,兰馨亚洲,,,,,
32777944,天纺标,天纺标检测认证股份有限公司,911200000936119776,http://www.cnttts.com/index.php,产品检测服务提供商,天纺标检测是一家集检测、科研、标准化制定、信息媒体为一体的科技型服务企业。主要为纺织品、羽绒、皮革、箱包、鞋类、玩具、饰品等七大类产品提供检测服务。具体包括纤维含量检测、化学检测、微生物检测、物理性能检测、色牢度检测、轻工检测六类检测。,企业服务,科研和社会服务,天津,南开区,2014-04,运营中,23684,81500,65000,1.43,0.363188,428,2022-10-31,IPO上市,1.3亿,人民币,13000,,天津市南开区鹊桥路25号,022-2738-0249,tianfangbiao@163.com,李博,总经理
,,,,,,,,,,,,,,,,,,,2018-04-02,新三板定增,684万,人民币,684,,,,,,
,,,,,,,,,,,,,,,,,,,2017-08-14,新三板,未透露,人民币,10000,,,,,,
32774530,中软国际,北京中软国际信息技术有限公司,9111010871774535X9,http://www.chinasofti.com/,软件与信息技术服务企业,中软国际有限公司是行业领先的全球化软件与信息技术服务企业，公司凭借完整的生态资源，为客户提供云计算、大数据等多领域的技术服务，助力客户应对挑战、构建数字化转型。公司主营业务包含面向大客户、大行业的咨询、解决方案与技术服务。,企业服务,综合企业服务,北京,海淀区,2000-04,运营中,8000,1200000,40000,176.3,7.34,69976,2003-06-01,IPO上市,未透露,港元,8000,,北京市海淀区科学院南路2号C座12层,010-8286-1666,,陈宇红,总经理
32590808,博思软件,福建博思软件股份有限公司,91350100731844207Y,http://www.bosssoft.com.cn,财政管理软件公司,博思软件是一家专业从事公共财政管理软件、政府行业管理软件、通用型财务软件的开发、销售与服务的高科技企业，公司致力于财政票据电子化管理及非税收入管理领域，不断推出领先的非税收入软件产品和服务。,企业服务,财税服务,福建,福州,2001-09,运营中,65000,525700,225000,15.64,2.84,,2019-09-27,IPO上市后,4.5亿,人民币,45000,腾讯投资,福建省福州市海西高新技术产业园高新大道5号博思软件大厦,0591-87664001,bosssoft@bosssoft.com.cn,,
,,,,,,,,,,,,,,,,,,,2016-07-26,IPO上市,2亿,人民币,20000,,,,,,
32505401,三未信安,三未信安科技股份有限公司,91110105679648435P,http://www.cloudhsm.cn/,基于密码技术的云安全服务商,三未信安是一家基于密码技术的云安全服务商，致力于为用户提供商用密码设备和信息安全技术，旗下产品包括服务器密码机、金融数据密码机、密码卡、安全认证网关等硬件产品，以及身份认证系统、密钥管理系统、数字版权管理系统等软件系统，可应用于金融、证券、电力、交通等行业。,企业服务,行业信息化及解决方案,北京,朝阳区,2008-08,运营中,182000,604000,755000,3.4,1.11,366,2022-12-02,IPO上市,15.1亿,人民币,151000,,北京市朝阳区广顺北大街16号院2号楼14层1406室,010-5629-7902,support@sansec.com.cn,张岳公,创始人
,,,,,,,,,,,,,,,,,,,2020-08-31,A轮,数亿,人民币,30000,"东方富海,云鼎资本,中国互联网投资基金",,,,,
,,,,,,,,,,,,,,,,,,,2015-05-03,天使轮,未透露,人民币,1000,立达资本,,,,,
32496188,三旺通信,深圳市三旺通信股份有限公司,91440300732050644R,http://www.3onedata.com,工业互联网解决方案提供商,三旺通信是一家工业互联网解决方案提供商，致力于向用户提供串口通信解决方案、串口设备联网解决方案以及工业以太网交换机解决方案，产品包括了设备联网服务器、工业以太网交换机、嵌入式工业以太网模块等，已在电力、轨道交通、高速公路、隧道、环保、冶金等多个领域中得到应用。,企业服务,行业信息化及解决方案,广东,深圳,2001-09,运营中,48000,272800,215000,4.39,1.23,500,2020-12-30,IPO上市,4.3亿,人民币,43000,,深圳市南山区西丽街道百旺信高科技工业园1区3栋,0755-2670-2688 ,gl@3onedata.com,熊伟,CEO
,,,,,,,,,,,,,,,,,,,2019-11-08,B轮,未透露,人民币,3000,中信建投资本,,,,,
,,,,,,,,,,,,,,,,,,,2019-06-28,A轮,未透露,人民币,2000,树桥资本,,,,,
32424180,众诚科技,河南众诚信息科技股份有限公司,91410100772178124Q,http://www.zcst.com.cn,一家软件开发、信息系统集成服务提供商,众诚科技是一家软件开发、信息系统集成服务提供商，公司主营业务为信息系统集成服务，公司提供的主要产品或服务包括信息系统集成服务、软件开发和相关配套设备销售。,企业服务,企业IT服务,河南,郑州,2005-03,运营中,21200,62800,56000,3.77,0.20485,369,2022-09-23,IPO上市,1.12亿,人民币,11200,,郑州市金水区文化路82号硅谷广场2号楼8层806号,037-16355-1999,,梁侃,董事长
,,,,,,,,,,,,,,,,,,,2015-12-24,新三板,未透露,人民币,10000,,,,,,
32421143,路桥信息,厦门路桥信息股份有限公司,9135020070548149XE,http://www.xmrbi.com,一家交通行业信息化解决方案提供商,路桥信息是一家交通行业信息化解决方案提供商，专注于为交通行业用户提供信息化解决方案的研发、设计、销售、实施及相关技术服务，具体包括交通机电、管养信息化、智慧工地和智慧停车等信息化解决方案。,企业服务,行业信息化及解决方案,福建,厦门,2001-07,运营中,25300,52300,76500,2.86,0.387198,501,2023-08-16,IPO上市,1.53亿,人民币,15300,,厦门市软件园三期诚毅大街370号1801单元、1802单元、1803单元、1804单元,059-2592375-9979 ,1989222379@qq.com,于征,董事长
,,,,,,,,,,,,,,,,,,,2016-06-15,新三板,未透露,人民币,10000,,,,,,
32418066,盈趣科技,厦门盈趣科技股份有限公司,913502005750038518,http://www.intretech.com/,民用物联网及工业互联网系统集成服务商,盈趣科技是一家民用物联网及工业互联网系统集成服务商，基于物联网技术，形成了以工业机器人、智能家居、智能制造、车联网、第三方软件服务-UMS联合管理平台为一体的完整产业链。,企业服务,其他企业服务,福建,厦门,2011-05,运营中,188000,1025000,845000,70.61,12.73,4985,2018-01-15,IPO上市,16.9亿,人民币,169000,,福建省厦门市火炬高新园区嘉禾路588号,0592-579-7666,,谢发炎,创始人
,,,,,,,,,,,,,,,,,,,2016-06-01,A轮,1.9亿,人民币,19000,"温氏投资,天使投资人,兴富资本,正欣和投资,靖烨投资",,,,,
74529,普元信息,普元信息技术股份有限公司,91310000748756174J,http://www.primeton.com,软件基础平台与解决方案提供商,普元是一家软件基础平台与解决方案提供商，主要面向大中型企业、政府机构及软件开发商提供SOA、大数据、云计算三大领域的软件基础平台及解决方案，用以满足上述组织信息化建设对关键技术的需求，帮助上述组织的业务在云计算和移动互联时代向数字化转型。,企业服务,行业信息化及解决方案,上海,浦东新区,2003-03,运营中,76300,381000,321000,4.25,-0.093981,1511,2019-12-04,IPO上市,6.42亿,人民币,64200,,中国(上海)自由贸易试验区碧波路456号4楼;上海市浦东新区中国(上海)自由贸易试验区碧波路456号4楼,021-5080-5188,xull@primeton.com,刘亚东,CEO
,,,,,,,,,,,,,,,,,,,2019-03-26,A轮,未透露,人民币,2000,"晨徽网宿投资,朗姿韩亚资产",,,,,
,,,,,,,,,,,,,,,,,,,2017-12-13,战略投资,未透露,人民币,10000,"君度投资,沃丰远投资",,,,,
,,,,,,,,,,,,,,,,,,,2010-04-02,天使轮,未透露,人民币,100,"新开发创投,和光投资",,,,,
46560,博彦科技,博彦科技股份有限公司,911100001021132178,http://www.beyondsoft.com,IT解决方案与服务提供商,博彦科技股份有限公司是一家面向全球的IT咨询、解决方案与服务提供商，致力于自身强大的研发与创新能力，广泛采用基于大数据、云计算和移动互联等新兴技术，为客户提供丰富的解决方案及产品。,企业服务,企业IT服务,北京,海淀区,1995-04,运营中,68200,615000,275000,55.32,4.8,26487,2012-01-06,IPO上市,5.5亿,人民币,55000,,北京市海淀区西北旺东路10号院东区7号楼博彦科技大厦,010-5096-5888,,王斌,创始人
,,,,,,,,,,,,,,,,,,,2010-08-28,战略投资,1.32亿,人民币,13200,"同创伟业,华软投资,华汇通创投,华软资本CSC,汇升联华",,,,,
46133,数据港,上海数据港股份有限公司,91310000697241508E,http://www.athub.com,定制数据中心服务提供商,数据港是一个定制数据中心服务提供商，致力于为企业提供数据中心和咨询服务，专业从事数据中心建设，并以数字地产经营和信息技术服务外包为主导产业，主营业务包括定制数据中心、关键数据中心基础设施管理、数据中心规划咨询、 网络使能服务等。,企业服务,数据服务,上海,静安区,2009-11,运营中,212300,839000,846000,12.45,1.56,422,2020-09-24,IPO上市后,16.92亿,人民币,169200,"新华保险,南方资产,诺德基金,广发基金,红塔红土基金,鹏华基金",上海市静安区江场三路250号9层901室;上海市静安区江场三路250号9层901室,021-3633-8836 ,aaron.wu@athub.com ,周群,CEO
,,,,,,,,,,,,,,,,,,,2017-02-08,IPO上市,4.11亿,人民币,41100,,,,,,
,,,,,,,,,,,,,,,,,,,2014-03-31,A轮,未透露,人民币,2000,"复祥投资,万丰锦源",,,,,
45914,宝信软件,上海宝信软件股份有限公司,91310000607280598W,http://www.baosight.com,企业信息化解决方案供应商,宝信软件是一个企业信息化解决方案供应商，致力于计算机软件研发、数据库系统集成、电子商务、网络应用、办公自动化、软件咨询和技术服务，隶属于上海宝信软件股份有限公司。,企业服务,行业信息化及解决方案,上海,浦东新区,1994-08,运营中,,7403000,7403000,129.16,28.2,5714,1994-03-11,IPO上市,8800万,人民币,,,上海市浦东新区自由贸易试验区郭守敬路515号,021-2037-9999,,王力,创始人
43491,博睿数据,北京博睿宏远数据科技股份有限公司,91110105672840619D,http://www.bonree.com/,应用性能管理服务商,博睿宏远是中国领先的应用性能管理服务商，专注用数据赋能IT运维，助力企业提升整体竞争力。为企业建立可视化的全业务链性能管理体系，保障所有层级的性能问题被准确发现和定位，帮助企业快速掌握应用性能对业务的影响，有针对性的快速优化应用性能及IT成本投入，从而提升IT系统对数字化业务的支撑效率及质量，帮助企业降低成本及损失，提升用户体验和业务发展。,企业服务,数据服务,北京,东城区,2008-02,运营中,75100,502200,365500,1.33,-0.925264,483,2020-08-17,IPO上市,7.31亿,人民币,73100,,北京市东城区东中街46号鸿基大厦4层,,,孟曦东,CTO
,,,,,,,,,,,,,,,,,,,2018-01-01,A轮,未透露,人民币,2000,金浦投资,,,,,
43479,软通动力,软通动力信息技术(集团)股份有限公司,91110108781703664R,http://www.isoftstone.com,IT服务及行业解决方案提供商,软通动力是一家IT服务及行业解决方案提供商，依托端到端“软件+服务”综合业务能力，公司主营业务覆盖软件技术服务、企业数字化转型服务、智慧城市服务以及云计算与互联网平台服务四大业务领域。,企业服务,企业IT服务,北京,海淀区,2005-11,运营中,694200,3086700,2315000,191.04,10.08,60000,2022-03-15,IPO上市,46.3亿,人民币,463000,,北京市海淀区西北旺东路10号院东区16号楼,010-5874-9000,contact@isoftstone.com,刘天文,创始人
,,,,,,,,,,,,,,,,,,,2020-09-21,战略投资,未透露,人民币,10000,"云锋基金,毅达资本,兴业资管-兴业证券,光远资本,云晖资本,瑞饶投资,奇亓乂弈,纳维投资",,,,,
,,,,,,,,,,,,,,,,,,,2019-12-26,战略投资,未透露,人民币,10000,"深创投,朗程资本,中航产融",,,,,
,,,,,,,,,,,,,,,,,,,2016-10-11,战略投资,未透露,人民币,10000,"天津长城基金,世纪金源,民和资本",,,,,
,,,,,,,,,,,,,,,,,,,2015-12-14,C轮,数亿,人民币,30000,"红杉中国,华盖资本,春华资本Primavera,易方达基金,华兴新经济基金,金浦投资,君创资本,天壹资本,云晖资本",,,,,
,,,,,,,,,,,,,,,,,,,2015-08-17,战略投资,未透露,人民币,10000,达晨财智,,,,,
,,,,,,,,,,,,,,,,,,,2014-09-01,退市,未透露,美元,65000,,,,,,
,,,,,,,,,,,,,,,,,,,2010-12-14,IPO上市,未透露,美元,65000,,,,,,
,,,,,,,,,,,,,,,,,,,2007-03-19,B轮,4500万,美元,29250,"三井物产环球投资,富达投资Fidelity Investments,盈富泰克,永威投资",,,,,
,,,,,,,,,,,,,,,,,,,2006-03-19,A轮,数百万,美元,1950,"斯道资本(富达亚洲),盈富泰克,永威投资",,,,,
43247,兆日科技,深圳兆日科技股份有限公司,91440300748876299E,http://www.sinosun.com.cn/,从事安全芯片及解决方案等商用密码产品,兆日科技是一家信息安全服务的科技公司，专注于从事安全芯片及解决方案等商用密码产品研制、生产、及销售。,企业服务,企业安全,广东,深圳,2003-04,运营中,61148,178000,150000,2,0.54111,680,2012-06-28,IPO上市,数亿,人民币,30000,,广东省深圳市福田区车公庙深业泰然大厦C栋1605室, 0755-8341-5666 ,tingting.sun@sinosun.com.cn ,魏恺言,CEO
,,,,,,,,,,,,,,,,,,,2010-12-24,D轮,492万,美元,3198,"达晨财智,中国平安",,,,,
,,,,,,,,,,,,,,,,,,,2007-06-18,C轮,数千万,美元,19500,英特尔投资Intel Capital,,,,,
,,,,,,,,,,,,,,,,,,,2004-09-18,B轮,1000万,美元,6500,"纪源资本,英特尔投资Intel Capital,华登国际,JAFCO Asia集富亚洲,Pioneer Group",,,,,
,,,,,,,,,,,,,,,,,,,2003-12-01,A轮,300万,美元,1950,JAFCO Asia集富亚洲,,,,,
43198,蓝色光标,北京蓝色光标数据科技股份有限公司,91110000744727456H,http://www.bluefocusgroup.com/,供品牌管理与营销服务商,蓝色光标是一家为大型企业和组织提供品牌管理与营销服务的公司，主营业务为数字整合营销、公共关系、广告策划及代理，活动管理以及国际业务，旗下目前拥有蓝色光标数字营销机构、智扬公关、博思瀚扬等子品牌。,企业服务,销售营销,北京,朝阳区,2002-11,运营中,247100,170600,150000,366.83,-22.74,2521,2021-05-08,IPO上市后,数亿,人民币,30000,拉卡拉,北京市朝阳区酒仙桥北路9号(厂区)10幢二层A5-01;北京市朝阳区酒仙桥北路9号(厂区)10幢二层A5-01,010-5647-8887,bluedigital@bluefocus.com ,,
,,,,,,,,,,,,,,,,,,,2018-03-07,IPO上市后,未透露,人民币,10000,联想控股,,,,,
,,,,,,,,,,,,,,,,,,,2016-05-12,IPO上市后,8.3亿,人民币,83000,蓝瀚科技售股股东京东世纪,,,,,
,,,,,,,,,,,,,,,,,,,2013-09-18,IPO上市后,5.31亿,人民币,53100,"深创投,易方达基金,汇添富,西投控股,广发基金,泰达宏利,华商基金",,,,,
,,,,,,,,,,,,,,,,,,,2010-02-26,IPO上市,6.77亿,人民币,67700,,,,,,
,,,,,,,,,,,,,,,,,,,2008-06-01,A轮,3300万,人民币,3300,达晨财智,,,,,
43177,网宿科技,网宿科技股份有限公司,91310000631658829P,http://www.chinanetcenter.com/,提供全球范围内的内容分发与加速,网宿科技是一家互联网业务平台提供商，专注于提供全球范围内的内容分发与加速、服务器托管与租用、以及面向运营商的网络优化解决方案等服务。,企业服务,行业信息化及解决方案,上海,嘉定区,2000-01,运营中,692300,2916667,1750000,50.84,1.94,2846,2019-06-06,IPO上市后,35亿,人民币,350000,广投集团,上海市嘉定区环城路200号,021-2426-1717,shas@chinanetcenter.com ,刘成彦,董事长
,,,,,,,,,,,,,,,,,,,2018-01-26,IPO上市后,30亿,人民币,300000,腾讯投资,,,,,
,,,,,,,,,,,,,,,,,,,2009-10-30,IPO上市,数亿,人民币,30000,,,,,,
,,,,,,,,,,,,,,,,,,,2009-09-01,D轮,2900万,人民币,2900,"达晨财智,创东方投资",,,,,
,,,,,,,,,,,,,,,,,,,2009-06-15,C轮,1400万,人民币,1400,联盛创投,,,,,
,,,,,,,,,,,,,,,,,,,2008-11-20,B轮,4000万,人民币,4000,"达晨财智,创东方投资,德诚盛景",,,,,
,,,,,,,,,,,,,,,,,,,2007-06-01,A轮,4000万,人民币,4000,"深创投,达晨财智",,,,,
43144,德必,上海德必文化创意产业发展(集团)股份有限公司,91310000572698184Q,http://www.dobechina.com,一家文化创意产业发展服务商,德必是一家文化创意产业发展服务商，致力于为文化创意企业提供舒适、生态、个性化的高品质办公环境，同时为企业提供系统优质的微生态创业环境，助力文化创意企业的持续发展。,企业服务,创业服务,上海,长宁区,2011-04,运营中,134100,345000,345000,7.79,0.415002,461,2021-02-10,IPO上市,6.9亿,人民币,69000,,中国上海市长宁区安化路492号长宁德必易园A座8楼,021-3250-8752,news@dobechina.com,贾波,创始人
,,,,,,,,,,,,,,,,,,,2018-09-26,C轮,数亿,人民币,30000,招商致远资本,,,,,
,,,,,,,,,,,,,,,,,,,2017-05-26,B轮,数亿,人民币,30000,阳光保险,,,,,
,,,,,,,,,,,,,,,,,,,2016-12-07,A轮,未透露,人民币,2000,"达晨财智,中民投,卓元资本,北京江铜有邻资产管理有限公司",,,,,
,,,,,,,,,,,,,,,,,,,2016-09-02,A轮,数千万,人民币,3000,达晨财智,,,,,
,,,,,,,,,,,,,,,,,,,2016-03-28,天使轮,未透露,人民币,100,海尔资本,,,,,
42483,罗科仕,罗科仕科技(北京)股份有限公司,91110105562144225Q,http://www.lucasgchr.com,招聘O2O平台,罗科仕是一个招聘O2O平台，致力于为用户提供高管人才寻访、董事会咨询以及领导力培训和人才培训等一系列服务。,企业服务,人力资源,北京,朝阳区,2011-05,运营中,23900,19500,19500,0.480876,0.068066,77,2024-03-05,IPO上市,600万,美元,3900,,北京市朝阳区新东路8号首开铂郡B1-025,400-699-8232,info@lucasgchr.com,Howard Lee,CEO
,,,,,,,,,,,,,,,,,,,2018-08-13,退市,未透露,人民币,10000,,,,,,
,,,,,,,,,,,,,,,,,,,2016-08-04,新三板,未透露,人民币,10000,,,,,,
41682,辰安科技,北京辰安科技股份有限公司,91110108783233053A,http://www.gsafety.com/,致力于公共安全和应急技术,辰安科技是一家致力于公共安全和应急技术的科技公司，是一家源于清华大学，由清华控股的高科技企业。产品和服务包括公共安全综合应急、监测监控、预防预警、救援指挥相关系统和装备。,企业服务,企业安全,北京,海淀区,2005-11,运营中,86300,150000,150000,15.39,-1.59,1938,2020-03-15,IPO上市后,数亿,人民币,30000,中国电信,北京市海淀区丰秀中路3号院1号楼,010-57930171/010-57930999,,郑家升,董事长
,,,,,,,,,,,,,,,,,,,2019-04-18,IPO上市后,1.73亿,人民币,17300,中国电子进出口,,,,,
,,,,,,,,,,,,,,,,,,,2016-07-26,IPO上市,数千万,人民币,3000,,,,,,
,,,,,,,,,,,,,,,,,,,2011-09-24,B轮,数亿,人民币,30000,"瑞为铁道科技,昆冈股权投资",,,,,
,,,,,,,,,,,,,,,,,,,2010-11-14,A轮,数千万,人民币,3000,"同方创投,光谷烽火创投,中咨顺景,芜湖金财融资",,,,,
,,,,,,,,,,,,,,,,,,,2005-11-24,天使轮,数千万,人民币,3000,轩辕集团,,,,,
41663,东华软件,东华软件股份公司,911100007226188818,http://www.dhcc.com.cn/,软件和信息系统解决方案提供商,东华软件是一个软件和信息系统解决方案提供商，以应用软件开发、计算机信息系统集成、信息技术服务、网络流控安全产品及互联网+为主要业务，拥有800多项自主知识产权的软件产品。涵盖多种应用与技术平台，用户遍及医疗、金融、电信、电力、政府、交通、国防、科研、煤炭、石化、石油、保险及制造等行业。,企业服务,行业信息化及解决方案,北京,海淀区,2001-01,运营中,301900,720000,720000,118.33,4.11,10000,2020-01-10,IPO上市后,14.4亿,人民币,144000,腾讯投资,北京市海淀区知春路紫金数码园东华合创大厦,010-6266-2288,XXD@DHCC.COM.CN,薛向东,CEO
,,,,,,,,,,,,,,,,,,,2018-05-28,IPO上市后,12.66亿,人民币,126600,腾讯投资,,,,,
,,,,,,,,,,,,,,,,,,,2006-08-01,IPO上市,3.13亿,人民币,31300,,,,,,
41034,顶点软件,福建顶点软件股份有限公司,91350000260188521B,http://www.apexsoft.com.cn,行业应用解决方案供应商,顶点软件是一家具有持续自主创新能力的专业平台型软件公司及行业应用解决方案供应商，主要致力于为金融证券、企业、教育及公共服务业提供以业务流程管理(BPM)为核心的信息化解决方案。隶属于福建顶点软件股份有限公司,企业服务,行业信息化及解决方案,福建,福州,2000-10,运营中,42100,200500,200500,6.25,1.74,1954,2017-05-22,IPO上市,4.01亿,人民币,40100,,福建省福州市软件大道89号福州软件园A区13号;福建省福州市软件大道89号福州软件园A区13号 ,0591－8786-6888,,严孟宇,CEO
,,,,,,,,,,,,,,,,,,,2015-06-23,A轮,未透露,人民币,2000,金石投资,,,,,
39915,安妮股份,厦门安妮股份有限公司,913502002601292498,http://www.anne.com.cn,商务信息用纸研发产销公司,安妮股份是一家以商务信息用纸的研发、生产、销售以及综合应用服务为主的大型企业集团，致力于数字营销服务、彩票营销服务、商务信息纸品营销服务、物联网应用服务，隶属于厦门安妮股份有限公司。,企业服务,办公OA,福建,厦门,1998-09,运营中,28800,136500,136500,3.61,-1.4,308,2008-05-16,IPO上市,2.73亿,人民币,27300,,福建省厦门市集美区杏林锦园南路99号,0592-315-2188,luomeng@anne.com.cn ,张杰,创始人
,,,,,,,,,,,,,,,,,,,2007-04-09,A轮,1500万,人民币,1500,同创伟业,,,,,
39204,先进数通,北京先进数通信息技术股份公司,91110108801146341D,http://www.adtec.com.cn,软件解决方案及开发服务商,先进数通是一家软件服务公司，向客户提供以自主平台软件为基础的定制化软件解决方案，软件开发服务。隶属于北京先进数通信息技术股份公司,企业服务,行业信息化及解决方案,北京,海淀区,2000-10,运营中,43300,166000,166000,28.05,1.22,,2016-09-13,IPO上市,3.32亿,人民币,33200,,北京市海淀区车道沟1号青东商务区D座4-7层,010-6870-0009,,林鸿,CEO
,,,,,,,,,,,,,,,,,,,2012-06-27,天使轮,未透露,人民币,100,中关村兴业,,,,李铠,董事长
,,,,,,,,,,,,,,,,,,,2010-01-24,战略投资,未透露,人民币,10000,握奇数据,,,,,
38055,万国数据,万国数据服务有限公司,913205947230335351,http://www.gds-services.com,高可用数据中心基础设施及云平台服务提供商,万国数据是一个高可用数据中心基础设施及云平台服务提供商，向客户提供业务连续管理体系的全面服务，包括高可用性IT基础环境服务、灾难恢复(BC/DR)规划、实施、运行外包服务、测试中心服务、数据中心平台服务、ECC运行监控服务等，致力于推动中国IT外包服务的发展。,企业服务,企业IT服务,北京,朝阳区,2000-09,运营中,1943900,2015000,2015000,100.55,-43,3000,2022-02-22,IPO上市后,6.2亿,美元,403000,"红杉中国,ST Telemedia Global Data Centres,某亚洲主权财富基金",北京市朝阳区东三环北路甲26号博瑞大厦1008室,010-5322-8000,marketing@gds-services.com,黄伟,创始人 
,,,,,,,,,,,,,,,,,,,2020-11-02,IPO上市,129.4亿,港元,1035200,,,,,,
,,,,,,,,,,,,,,,,,,,2020-06-23,IPO上市后,5.05亿,美元,328250,"高瓴投资,ST Telemedia Global Data Centres",,,,,
,,,,,,,,,,,,,,,,,,,2019-03-14,IPO上市后,1.5亿,美元,97500,平安海外控股,,,,,
,,,,,,,,,,,,,,,,,,,2016-11-03,IPO上市,数千万,美元,19500,,,,,,
,,,,,,,,,,,,,,,,,,,2008-09-01,C轮,4500万,美元,29250,"软银中国资本,元禾控股,IFC国际金融公司,光大集团",,,,,
,,,,,,,,,,,,,,,,,,,2007-03-01,B轮,3000万,美元,19500,"软银中国资本,IFC国际金融公司,光大集团",,,,,
,,,,,,,,,,,,,,,,,,,2003-01-01,A轮,1800万,美元,11700,汉鼎亚太,,,,,
36915,三五互联科技,琏升科技股份有限公司,91350200751642792T,https://www.35.com/index.html,云办公整体解决方案的专业服务提供商,35互联是一家云办公整体解决方案的专业服务提供商，基于云计算模式，重点面向广大企业用户、商务人士，创新推出一整套35云办公整体解决方案，融合工作微博、企业邮箱、办公自动化系统(OA)、即时通讯管理(EQ)等云服务及互联网基础应用的网络域名、电子商务网站建设产品，实现跨越桌面互联网、移动互联网，多平台同步的全新办公模式，隶属于厦门三五互联科技股份有限公司,企业服务,综合企业服务,福建,福州,2004-04,运营中,45900,229500,229500,2.45,-0.632319,1000,2010-02-11,IPO上市,4.59亿,人民币,45900,,福建省厦门市火炬高新技术产业开发区软件园二期观日路8号一层,158-8020-8052,,龚少晖,创始人
,,,,,,,,,,,,,,,,,,,,,,,,,,,,杨苹,董事
36459,任子行,任子行网络技术股份有限公司,91440300723005104T,http://www.1218.com.cn/,网络信息安全服务提供商,任子行是一家网络信息安全领域的企业。主要是为国家管理机构、运营商、企事业单位和个人网络信息安全提供服务。隶属于任子行网络技术股份有限公司。,企业服务,企业安全,广东,广州,2000-05,运营中,33480,150000,150000,6.5,-0.885978,1116,2012-04-25,IPO上市,数亿,人民币,30000,,广东省深圳市南山区科技中二路软件园2栋6层,0755-8616-8366,,景晓军,CEO
,,,,,,,,,,,,,,,,,,,2010-06-01,A轮,3480万,人民币,3480,东方富海,,,,,
21745,派诺科技,珠海派诺科技股份有限公司,91440400722914824B,http://www.pmac.com.cn/,用电和能源管理服务提供商,派诺科技是一家集硬件、软件、集成与服务于一体的用电和能源管理服务提供商，为数据中心、医疗、轨道交通等重点领域提供设备运维、机电保障、安全节能等服务。,企业服务,行业信息化及解决方案,广东,珠海,2000-05,运营中,20500,90000,57500,6.13,0.663477,744,2023-12-14,IPO上市,1.15亿,人民币,11500,,广东省珠海市高新区科技创新海岸科技六路15号派诺科技园,0756-3629688,,李健,董事长
,,,,,,,,,,,,,,,,,,,2015-11-14,新三板定增,数千万,人民币,3000,同系资本,,,,,
,,,,,,,,,,,,,,,,,,,2014-10-14,新三板,数千万,人民币,3000,,,,,,
,,,,,,,,,,,,,,,,,,,2014-01-14,A轮,数千万,人民币,3000,九鼎投资,,,,,
30543,用友,用友网络科技股份有限公司,91110000600001760P,http://www.yonyou.com/,企业管理软件提供商,用友集团是一家企业管理软件、企业互联网服务和企业金融服务提供商，是ERP、CRM、人力资源管理、商业分析、内审、小微企业管理软件和财政、汽车、烟草等行业应用解决方案提供商。,企业服务,综合企业服务,北京,海淀区,1995-01,运营中,621500,2649000,2649000,97.96,-9.1,18000,2022-01-25,IPO上市后,52.98亿,人民币,529800,"高瓴投资,易方达基金,葛卫东,高毅资产",北京市海淀区北清路68号用友产业园,,,王文京,董事长
,,,,,,,,,,,,,,,,,,,2001-05-18,IPO上市,9.17亿,人民币,91700,,,,,,
29522,恒拓开源,恒拓开源信息科技股份有限公司,91120116663065243C,,软件开源化技术服务提供商,恒拓开源是一家开源软件技术研究与发展、企业和政府客户等软件开源化技术服务以及软件技术人员开源技术培训的企业。由海外归国留学人员CEO马越创办。,企业服务,开发者服务,天津,滨海新区,2007-06,运营中,22000,96400,96400,1.79,0.077483,554,2020-07-27,IPO上市,未透露,人民币,10000,,,,,马越,创始人兼CEO
,,,,,,,,,,,,,,,,,,,2015-12-07,新三板,未透露,人民币,10000,,,,,,
,,,,,,,,,,,,,,,,,,,2012-06-01,A轮,未透露,人民币,2000,泰达科投,,,,,
26765,凌雄科技,凌雄技术(深圳)有限公司,914403000685577373,https://www.bearrental.com,IT设备租赁服务提供商,凌雄科技是中国领先的IT办公设备运营商，旗下小熊U租主要围绕企业IT办公设备场景，提供全品类、全⽣命周期IT综合解决⽅案服务，包括IT办公设备租赁、IT技术服务、IT设备回收、资产管理SaaS软件，为企业解决运营中存在的IT采购资⾦占⽤⼤、资产管理困难、技术服务响应缓慢、办公设备效率低下、灵活性差、IT资产闲置等五⼤痛点，帮助企业重构IT资产效率与价值，实现轻资产化转型。,企业服务,企业IT服务,广东,深圳,2004-11,运营中,159960,208000,134800,18.21,-1.29,500,2022-11-24,IPO上市,3.37亿,港元,26960,,深圳市福田区车公庙工业区车公庙安华小区厂房5栋,0755-835-39581,lxBDS@lxrental.com,胡祚雄,CEO
,,,,,,,,,,,,,,,,,,,2021-08-11,战略投资,未透露,人民币,10000,联想创投,,,,华宝城,总裁
,,,,,,,,,,,,,,,,,,,2021-03-03,D+轮,未透露,人民币,10000,"深圳高新投,明诚致慧",,,,,
,,,,,,,,,,,,,,,,,,,2020-07-14,D轮,数亿,人民币,30000,"达晨财智,京东",,,,,
,,,,,,,,,,,,,,,,,,,2019-12-12,C轮,5000万,人民币,5000,腾讯众创空间,,,,,
,,,,,,,,,,,,,,,,,,,2019-05-16,B轮,数亿,人民币,30000,"达晨财智,东方富海,前海长城基金,国中资本",,,,,
,,,,,,,,,,,,,,,,,,,2019-03-20,Pre-B轮,1.5亿,人民币,15000,"达晨财智,前海长城基金",,,,,
,,,,,,,,,,,,,,,,,,,2018-12-26,A+轮,数千万,人民币,3000,京东,,,,,
,,,,,,,,,,,,,,,,,,,2018-05-18,A轮,数亿,人民币,30000,"达晨财智,京东",,,,,
7340,天润云, 天润云股份有限公司,91110108785512910D,http://www.ti-net.com.cn/,全周期客户联络云平台服务商,"北京天润融通科技股份有限公司，创建于2006年。总部设在北京，在上海、深圳、广州、杭州、济南设有销售和技术服务办公室，在南京和成都设有研发与支撑中心。
经过十多年的发展，天润融通在产品能力、服务支持、技术创新等方面得到了客户的广泛认可，为众多知名企业提供了优质的客户联络平台服务，其中包括工商银行、交通银行、腾讯、阿里、百度、字节跳动、京东、美团、快手、BOSS直聘、智联招聘等十余个行业的客户。",企业服务,客户服务,北京,大兴区,2006-02,运营中,76894,178880,102400,4.63,-0.09036,588,2022-06-30,IPO上市,2.56亿,港元,20480,,北京亦庄经济技术开发区荣华南路2号院大族广场1号楼29层,400-686-9009,,吴强,创始人
,,,,,,,,,,,,,,,,,,,2022-06-21,基石轮,1.81亿,港元,14464,"声网Agora,Platinum Investment Management",,,,,
,,,,,,,,,,,,,,,,,,,2018-11-29,退市,未透露,人民币,10000,,,,,,
,,,,,,,,,,,,,,,,,,,2016-01-18,新三板,数亿,人民币,30000,,,,,,
,,,,,,,,,,,,,,,,,,,2010-01-01,A轮,数百万,美元,1950,宽带资本CBC,,,,,
6747,初灵信息,杭州初灵信息技术股份有限公司,91330000720048184T,http://www.cncr-it.com/,基于云服务的远程物联网应用,初灵信息致力于为客户提供简洁的智能连接、高效的数据感知、安全的智能应用三大边缘计算核心技术能力，集成“云边端”协同的边缘计算生态，聚焦5G行业及企业数智化应用推广。公司多年深耕企业(行业)智能连接网络、垂直行业边缘应用型DPI(安全、物联网类)、视频及其他行业(企业)的智能应用等技术，初步构成“云边端”协同的边缘计算生态。业务方面，公司从提供单项能力向为客户数智化改造提供边缘计算生态服务能力，形成项目和运营服务双模式；产品技术方面，持续聚焦构建5G Fixed+Data+AI三大边缘计算技术能力，积极布局在5G行业边缘计算应用和企业数智化应用。,企业服务,云服务,浙江,杭州,2009-07,运营中,,316000,,3.61,-1.16,1002,2011-08-03,IPO上市,2.5亿,人民币,,,,,,汤鹏,CEO
4211,南京云创存储,南京云创大数据科技股份有限公司,91320100567246634N,http://www.cstor.cn,云计算、云存储技术服务商,南京云创存储科技是一家云计算、云存储技术服务商，具有自主知识产权的cStor云存储技术、cProc云处理技术、cTrans高速数据传输系统和cVideo云创高清视频监控系统等。,企业服务,企业IT服务,江苏,南京,2011-03,运营中,40800,179900,174000,4.77,0.728835,,2021-08-26,IPO上市,3.48亿,人民币,34800,,,,,张真,总裁
,,,,,,,,,,,,,,,,,,,2015-06-11,A轮,6000万,人民币,6000,通鼎互联,,,,,
3911,中望软件,广州中望龙腾软件股份有限公司,91440101712408557U,http://www.zwcad.com/,CAD/CAM解决方案供应商,中望软件是一家CAD/CAM解决方案供应商，自主研发的产品包括中望CAD、中望CAD机械版、中望CAD建筑版、中望3D CAD/CAM，致力于帮助用户以合理成本解决正版化的同时，最大化发挥正版CAD/CAM软件的应用效益。,企业服务,企业IT服务,广东,广州,2013-04,运营中,102100,2592000,300500,6.01,-0.032651,2081,2021-03-11,IPO上市,6.01亿,人民币,60100,,广州市天河区珠江西路15号珠江城32层,020-3828-9780;4008-800-819,market@zwcad.com;support@zwcad.com,杜玉林,董事长
,,,,,,,,,,,,,,,,,,,2019-10-16,战略投资,1.4亿,人民币,14000,"达晨财智,毅达资本,粤科金融,越秀产业基金,粤财创投,航天科工资产,中国互联网投资基金",,,,,
,,,,,,,,,,,,,,,,,,,2018-12-06,战略投资,8000万,人民币,8000,"达晨财智,航天科工资产",,,,,
,,,,,,,,,,,,,,,,,,,2018-08-28,退市,未透露,人民币,10000,,,,,,
,,,,,,,,,,,,,,,,,,,2017-05-26,新三板,未透露,人民币,10000,,,,,,