公司ID,公司简称,工商全称,统一信用代码,一句话简介,行业,子行业,省,市,地址,成立时间,运营状态,融资总额(万人民币),估值(万人民币),估值(估算-万人民币),年营收(亿元),年度利润(亿元),员工人数,融资次数
42812312.0,君逸数码,四川君逸数码科技股份有限公司,91510100737730294R,智慧城市综合解决方案提供商,企业服务,综合企业服务,四川,成都,成都高新区天府三街288号1号楼13层2-7号,2002-05,运营中,132700.0,386000.0,482500.0,4.1,0.82951,284,5.0
42782781.0,西高院,西安高压电器研究院股份有限公司,91610131294242207P,电气领域检测服务商,企业服务,科研和社会服务,陕西,西安,国陕西省西安市西二环北段18号,2001-10,运营中,112100.0,448400.0,560500.0,5.21,1.41,	631,1.0
42759306.0,安邦护卫,安邦护卫集团股份有限公司,91330000785683832W,金融武装押运公司,企业服务,企业安全,浙江,杭州,浙江省杭州市西湖区转塘街道枫桦路6号之江财富中心E8楼,2006-02,运营中,61300.0,205200.0,256500.0,23.79,3.38,16745,2.0
42758180.0,世纪恒通,世纪恒通科技股份有限公司,91520115789752508E,手机信息服务及移动增值业务提供商,企业服务,企业IT服务,贵州,贵阳,贵阳市贵阳国家高新技术产业开发区中关村贵阳科技园核心区南园科教街188号,2006-06,运营中,85000.0,260000.0,325000.0,9.15,0.842884,1269,3.0
42081108.0,通达海,南京通达海科技股份有限公司,91320106249663766N,司法信息化系统建设服务商,企业服务,企业IT服务,江苏,南京,南京市鼓楼区集慧路16号联创大厦B座20层,1995-03,运营中,109300.0,437200.0,546500.0,4.63,0.902627,1931,1.0
227.0,中科创达,中科创达软件股份有限公司,91110000672354637K,智能操作系统产品和技术提供商,企业服务,企业IT服务,北京,海淀区,南京市鼓楼区集慧路16号联创大厦B座20层,2008-03,运营中,258100.0,2377300.0,850500.0,52.42,4.24,13119,5.0
27354.0,永信至诚,永信至诚科技集团股份有限公司,91110108562135265P,专精于各类信息安全系统、平台及定制化软件,企业服务,企业安全,北京,海淀区,北京市海淀区丰豪东路9号院6号楼,2010-09,运营中,109100.0,230400.0,288000.0,3.31,0.573891,453,7.0
40688508.0,数科集团,数科集团控股有限公司,91110108562135265P,垂直整合资讯科技解决方案供应商,企业服务,企业IT服务,香港,九龙城区,香港九龙观塘巧明街107号国基集团中心8楼,2020-09,运营中,5696.0,42560.0,28480.0,7.57,0.52965,173,1.0
2428.0,趣活科技, 趣活有限公司,911101085923799229,多场景人力资源资产运营解决方平台,企业服务,人力资源,北京,朝阳区,香港九龙观塘巧明街107号国基集团中心8楼,2012-03,运营中,49700.0,2145.0,107250.0,37.02,0.05081,495,5.0
21629.0,声网Agora, 声网有限公司,91310110093802968T,移动端音视频实时传输的云服务解决方案,企业服务,企业IT服务,上海,杨浦区,上海市杨浦区伟成路62号5层,2014-03,运营中,482950.0,149500.0,149500.0,1.42,-0.86797,1022,6.0
39919882.0,动力源,北京动力源科技股份有限公司,911100001021218238,科技推广和应用服务商,企业服务,其他企业服务,北京,丰台区,北京市丰台区科技园区星火路8号,1995-01,运营中,482950.0,256200.0,149500.0,10.42,-1.46,2189,1.0
30626.0,致远互联,北京致远互联软件股份有限公司,91110108737656338N,协同管理软件及云服务提供商,企业服务,办公OA,北京,海淀区,北京市海淀区北坞村路甲25号静芯园N座,2002-03,运营中,133350.0,577400.0,475500.0,10.32,0.951091,2699,4.0
3151.0,金山云,金山云,9111010857121431XA,云计算服务提供商,企业服务,企业IT服务,北京,海淀区,北京市海淀区小营西路33号金山软件大厦,2011-03,运营中,989912.0,605760.0,40000.0,72.26,-21.66,4221,10.0
9637.0,品高软件,广州市品高软件股份有限公司,91440101745973157W,IT综合服务提供商,企业服务,企业IT服务,广东,广州,广州市天河区高唐软件产业基地软件路17号G1栋,2010-01,运营中,91720.0,419300.0,458600.0,4.71,0.572382,966,1.0
39107988.0,旗天科技集团,旗天科技集团股份有限公司,913100006073633775,数字生活营销服务商,企业服务,前沿技术,上海,浦东新区,上海市浦东新区张江丹桂路999号张江国创中心一期C5幢,1996-12,运营中,27000.0,317500.0,135000.0,12.56,0.66561,876,1.0
39086273.0,智微智能,深圳市智微智能科技股份有限公司,91440300582702079P,物联网核心解决方案商,企业服务,行业信息化及解决方案,广东,深圳,深圳市福田区车公庙泰然九路海松大厦B-1303,2011-09,运营中,104100.0,416000.0,520500.0,27.0,2.15,1621,1.0
39069018.0,麒麟信安,湖南麒麟信安科技股份有限公司,914301003385143085,信息安全解决方案提供商,企业服务,企业安全,湖南,长沙,长沙高新开发区麒云路20号麒麟科技园1栋4楼,2015-04,运营中,103100.0,260000.0,50000.0,4.0,"1,39",579,4.0
19694.0,易点云,北京易点淘网络技术有限公司,911101083180629225,企业IT租赁服务与管理平台,企业服务,企业IT服务,北京,海淀区,北京市海淀区安宁庄南路易点租大厦,2014-10,运营中,192068.0,468160.0,238800.0,13.02,-9.02,1734,10.0
38954045.0,鸥玛软件,山东山大鸥玛软件股份有限公司,91370000772057998D,软件和信息技术服务公司,企业服务,企业IT服务,山东,济南,山东省济南市高新区伯乐路128号,2005-02,运营中,45570.0,182200.0,227850.0,2.1,0.880975,342,1.0
7826.0,猎聘网, 同道猎聘集团,91110105793416662C,高端人才社区化招聘网站,企业服务,人力资源,北京,朝阳区,北京市朝阳区八里庄北里220号中远物流大厦配楼3层,2006-10,运营中,477020.0,1161600.0,1161600.0,24.37,0.29503,2000,6.0
3016.0,人瑞人才,上海人瑞网络科技有限公司,913101080558962113,人力资源综合服务提供商,企业服务,人力资源,上海,静安区,上海市静安区恒丰路200号泰禾大厦7、8楼,2012-10,运营中,89760.0,319120.0,368800.0,45.44,0.74579,"34,934",4.0
20908.0,金蝶软件,金蝶国际,914403006188392540,企业云服务ERP解决方案提供商,企业服务,企业IT服务,广东,深圳,上海市静安区恒丰路200号泰禾大厦7、8楼,1993-06,运营中,329742.0,3600000.0,650000.0,61.29,-3.5,"	11,968",8.0
1969.0,极光, 和讯华谷信息技术有限公司,914403005977642993,实时大数据综合服务商,企业服务,数据服务,广东,深圳,深圳市南山区智恒产业园7栋5楼;南山区南头关口二路智恒战略性新兴产业园7栋501,2012-09,运营中,178100.0,433550.0,650000.0,2.9,-0.64554,460,5.0
28212.0,立方控股,杭州立方控股股份有限公司,91330100721062535Y,智慧物联解决方案提供商和运营商,企业服务,行业信息化及解决方案,浙江,杭州,浙江省杭州市西湖区西斗门路3号天堂软件园D幢11楼A座,2000-04,运营中,41300.0,69300.0,56000.0,4.65,0.430232,1054,5.0
15645.0,世纪互联,北京世纪互联宽带数据中心有限公司,9111010578615131XD,第三方的互联网基础设施服务提供商,企业服务,云服务,北京,朝阳区,北京市朝阳区酒仙桥东路10号,2006-03,运营中,969850.0,300000.0,971750.0,74.13,-24.83,3293,8.0
38552496.0,榕基软件,福建榕基软件股份有限公司,913500006285075795,行业应用软件开发服务提供商,企业服务,开发者服务,福建,福州,福州市鼓楼区铜盘路福州软件园产业基地,1993-10,运营中,106200.0,360000.0,50000.0,6.66,0.095768,888,2.0
38513296.0,莱斯信息,南京莱斯信息技术股份有限公司,913201001348786874,民用指挥信息系统整体解决方案提供商,企业服务,企业IT服务,江苏,南京,南京市秦淮区永智路8号,1988-07,运营中,103300.0,413200.0,516500.0,15.76,0.969348,895,1.0
30844.0,工大高科,合肥工大高科信息科技股份有限公司,91340100726317672P,工程安全监控产品研发商,企业服务,行业信息化及解决方案,安徽,合肥,安徽省合肥市合肥国家高新技术产业开发区天智路27号,2000-12,运营中,58650.0,224200.0,93250.0,3.016,0.4229,223,5.0
16426.0,Boss直聘,北京华业基石网络技术有限公司,91110105059255438G,BOSS与牛人直接开聊的招聘工具,企业服务,人力资源,北京,朝阳区,北京市朝阳区太阳宫中路8号冠捷大厦302,2012-12,运营中,843900.0,5368000.0,40000.0,59.52,12.22,24293,8.0
38207485.0,普联软件,普联软件股份有限公司,913701007317289784,企业管理信息化方案及IT综合服务提供商,企业服务,行业信息化及解决方案,山东,济南,济南市高新区齐鲁软件园B座,2001-09,运营中,39840.0,183400.0,199200.0,6.94,1.63,2470,1.0
6696.0,北森,北京北森云计算股份有限公司,91110108775491714G,一体化人才管理云平台供应商,企业服务,人力资源,北京,海淀区,北京市海淀区上地东路35号颐泉汇7层,2002-01,运营中,297900.0,300000.0,300000.0,7.51,-25,1901,9.0
37997160.0,亚信安全,亚信安全科技股份有限公司,91510100732356360H,网络安全软件提供商,企业服务,企业安全,江苏,南京,南京市雨花台区花神大道98号东久创新中心1号楼1-4F,2014-11,运营中,122600.0,1120400.0,561500.0,16.67,2.12,2882,3.0
7014.0,金山办公,北京金山办公软件股份有限公司,91110108587665983J,办公软件工具,企业服务,办公OA,北京,海淀区,北京市海淀区小营西路33号二层商业办公C区,1988-06,运营中,495500.0,6456100.0,2315000.0,45.56,13.9,4558,2.0
37919573.0,线上线下,无锡线上线下通讯信息技术股份有限公司,913202110535042298,移动互联网运营支撑服务商,企业服务,企业IT服务,江苏,无锡,无锡市高浪东路999号-8-C1-701,2012-09,运营中,43400.0,327800.0,207000.0,19.37,0.561654,239,2.0
8858.0,光环新网,北京光环新网科技股份有限公司,91110000700006921H,一家互联网基础设施综合服务提供商,企业服务,企业IT服务,北京,东城区,无锡市高浪东路999号-8-C1-701,1999-01,运营中,74800.0,3909900.0,261500.0,78.55,4.87,1148,3.0
30820.0,鸿冠信息,上海鸿冠信息科技股份有限公司,91310000792763857Q,IT综合服务提供商,企业服务,企业IT服务,上海,黄浦区,上海市黄浦区汉口路300号解放日报大厦10楼,2006-09,运营中,74800.0,3909900.0,261500.0,1.17,0.060656,1148,
23075.0,山石网科,山石网科通信技术股份有限公司,91320505578177101Y,网络安全解决方案提供商,企业服务,企业安全,北京,海淀区,北京市海淀区宝盛南路1号院20号楼5层,2007-02,运营中,269300.0,940000.0,474500.0,9.01,-2.6,1741,8.0
37532467.0,威士顿,上海威士顿信息技术股份有限公司,9131000070326044X6,企业信息系统解决方案提供商,企业服务,行业信息化及解决方案,上海,长宁区,上海市长宁区长宁路999号643室,2001-05,运营中,71000.0,284000.0,355000.0,3.07,0.690589,420,1.0
11750.0,英方软件,上海英方软件股份有限公司,91310000580604539W,专注于数据复制和灾备服务,企业服务,企业IT服务,上海,闵行区,上海市浦锦路2049弄万科VMO花园广场38幢6楼615室,2011-08,运营中,146440.0,800000.0,406000.0,1.97,0.354614,472,8.0
37369023.0,杰创智能,杰创智能科技股份有限公司,91440101683276435R,智能化解决方案提供商,企业服务,行业信息化及解决方案,广东,广州,广东省广州市高新技术产业开发区科学大道162号B3栋,2008-12,运营中,100100.0,400400.0,500500.0,7.51,0.613537,708,1.0
21412.0,优客工场,优客工场(北京)创业投资有限公司,91110113335534135Y,主打创业的共享办公空间,企业服务,创业服务,北京,朝阳区,北京市朝阳区光华路2号阳光100D座,2015-04,运营中,1099850.0,1000.0,325000.0,2.7,-0.51645,357,19.0
37176293.0,声迅股份,北京声迅电子股份有限公司,911101081011420915,安防整体解决方案和运营服务提供商,企业服务,企业安全,北京,海淀区,北京市海淀区永丰高新技术产业基地丰贤中路7号孵化楼四层,1994-01,运营中,41500.0,165800.0,207500.0,3.17,0.38087,587,1.0
36851524.0,苏交科,苏交科集团股份有限公司,91320000741339087U,基础设施领域综合解决方案供应商,企业服务,行业信息化及解决方案,江苏,南京,江苏省南京市建邺区富春江东街8号,2002-08,运营中,20000.0,807000.0,50000.0,52.27,7.53,8000,2.0
36843780.0,华宇软件,北京华宇软件股份有限公司,91110000726360320G,电子政务领域软件及信息服务提供商,企业服务,行业信息化及解决方案,北京,海淀区,北京市海淀区中关村东路1号院清华科技园科技大厦C座25层,2001-06,运营中,206200.0,1803898.0,453500.0,22.22,10.63,4000,3.0
36843287.0,天泽信息,有棵树科技股份有限公司,9132000072058020XK,产业互联网IT服务提供商,企业服务,企业IT服务,江苏,南京,中国 南京 建邺区 云龙山路80号,2000-05,运营中,307800.0,280000.0,1489000.0,17.64,-27.26,4436,2.0
24217.0,兑吧,杭州兑吧网络科技有限公司,91330106574371572Y,用户运营服务平台,企业服务,企业IT服务,浙江,杭州,中国 南京 建邺区 云龙山路80号,2014-05,运营中,125760.0,533360.0,234800.0,11.62,0.35383,600,6.0
36610606.0,实朴检测,实朴检测技术(上海)股份有限公司,91310116671156516L,第三方检测集团,企业服务,科研和社会服务,上海,闵行区,上海市闵行区都会路2059号2幢2F306室、1F106室,2008-01,运营中,52630.0,191000.0,263150.0,3.51,-0.247219,1163,1.0
8855.0,鼎捷软件DigiwinSoft,鼎捷软件股份有限公司,91310000734084709Q,ERP企业管理软件与服务供应商,企业服务,企业IT服务,北京,海淀区,上海市静安区江场路1377弄1号楼22F,2001-12,运营中,118300.0,368664.0,280000.0,19.95,1.98,5500,2.0
36489925.0,瑞晟智能,浙江瑞晟智能科技股份有限公司,91330200698208670Y,数字化智能高端装备制造解决方案提供商,企业服务,行业信息化及解决方案,浙江,宁波,浙江省宁波市高新区晶辉路16号4楼,2009-12,运营中,54800.0,360300.0,174000.0,3.06,0.11756,630,3.0
31332.0,信雅达,信雅达科技股份有限公司,91330000253917765N,专注于自主产权软件的开发和应用服务,企业服务,法律服务,浙江,杭州,浙江省杭州市滨江区江南大道3888号信雅达科技大厦,1996-07,运营中,10000.0,545000.0,50000.0,15.37,4.02,8000,1.0
11684.0,迪信通,北京迪信通商贸股份有限公司,911100008029439243,移动通信终端销售和服务提供商,企业服务,销售营销,北京,朝阳区,浙江省杭州市滨江区江南大道3888号信雅达科技大厦,1993-01,运营中,74794.0,120000.0,85530.0,171.46,-6.61,20000,4.0
35407816.0,海联讯,杭州海联讯科技股份有限公司,914403007152459096,电力企业综合整体解决方案提供商,企业服务,企业IT服务,广东,深圳,深圳市南山区深南大道市高新技术园R2厂房B区3a层,2000-01,运营中,107260.0,245000.0,315500.0,2.58,0.21088,137,4.0
35287094.0,矩子科技,上海矩子科技股份有限公司,91310000667825748L,视觉检测设备研发商,企业服务,科研和社会服务,上海,闵行区,上海市闵行区中春路7001号明谷科技园E栋101-102室,2007-11,运营中,110100.0,471000.0,215000.0,6.84,1.49,844,5.0
35074118.0,浪潮信息,浪潮电子信息产业股份有限公司,91370000706266601D,计算平台与IT应用方案解决提供商,企业服务,企业IT服务,山东,济南,济南市浪潮路1036号,1998-10,运营中,50100.0,5793000.0,250500.0,695.25,21.6,30000,1.0
35000781.0,怡合达,东莞怡合达自动化股份有限公司,91441900566614589Q,工业自动化零部件采购平台,企业服务,行业信息化及解决方案,广东,东莞,东莞市虎门镇北栅东坊工业区,2010-12,运营中,80430.0,4500000.0,252150.0,18.03,4.64,2535,2.0
34999794.0,数字认证,北京数字认证股份有限公司,91110108722619411A,息安全解决方案提供商,企业服务,行业信息化及解决方案,北京,海淀区,北京市海淀区北四环西路68号1501号;北京市海淀区北四环西路68号1501号 ,2001-02,运营中,26600.0,576000.0,133000.0,9.72,-0.772415,1429,1.0
34998664.0,瑞特股份,常熟市国瑞科技股份有限公司,9132050062822013XT,船舶电系统集成解决方案提供商,企业服务,行业信息化及解决方案,江苏,苏州,常熟市虞山镇高新技术产业园青岛路2号,1993-02,运营中,36300.0,283000.0,171500.0,2.2,-3.17,1890,2.0
34986298.0,宝兰德软件,北京宝兰德软件股份有限公司,911101086738170589,基础设施软件研发及推广服务提供商,企业服务,企业IT服务,北京,海淀区,北京市海淀区上地六街17号6314室,2008-03,运营中,109300.0,208000.0,150000.0,2.48,-0.364776,575,2.0
34978570.0,中国电器院,中国电器科学研究院股份有限公司,91440101100006899U,电器创新与应用研究机构,企业服务,行业信息化及解决方案,广东,广州,广州市海珠区新港西路204号第1栋,2002-09,运营中,117300.0,938000.0,470000.0,37.95,3.82,2000,2.0
34939090.0,天瑞仪器,江苏天瑞仪器股份有限公司,913205007899341254,行业整体解决方案提供商,企业服务,行业信息化及解决方案,江苏,苏州,昆山市中华园西路1888号,2006-07,运营中,24400.0,225000.0,72000.0,15.42,-0.461442,691,2.0
34732317.0,中南e行,湖南科创信息技术股份有限公司,91430100183899441P,信息化综合服务提供商,企业服务,行业信息化及解决方案,湖南,长沙,湖南省长沙市岳麓区青山路678号-科创软件园,1998-01,运营中,34400.0,244000.0,50000.0,5.38,0.24226,850,4.0
13700.0,蜂助手,蜂助手股份有限公司,914401015895112324,数字化虚拟商品的综合服务提供商,企业服务,行业信息化及解决方案,广东,广州,广州市天河区黄埔大道中660号汇金国际金融中心B栋9楼,2012-01,运营中,138148.0,403600.0,504500.0,8.79,1.44,360,6.0
34234134.0,富通科技控股,富通科技发展控股有限公司,914401015895112324,企业信息化管理解决方安提供商,企业服务,行业信息化及解决方案,香港,湾仔区, 香港湾仔港湾道30号新鸿基中心24楼2406至2412室,2009-07,运营中,8000.0,9960.0,40000.0,1.46,-0.84025,303,1.0
34124627.0,中国赛特,中国赛特集团有限公司,914401015895112324,钢结构及预制构件建筑解决方案提供商,企业服务,行业信息化及解决方案,香港,中西区, 香港湾仔港湾道30号新鸿基中心24楼2406至2412室,2012-09,运营中,16000.0,2000000.0,40000.0,3.88,2.14,236,2.0
34118930.0,清科创业,清科管理顾问集团有限公司,911101057825021009,股权投资服务平台,企业服务,创业服务,北京,朝阳区,北京市朝阳区霄云路40号院1号楼国航世纪大厦10层1001室,2005-11,运营中,60360.0,376000.0,176000.0,2.62,0.21002,306,6.0
33801906.0,明源云,深圳市明源云科技有限公司,91440300755689061Y,地产生态链智能商业服务商,企业服务,行业信息化及解决方案,广东,深圳,深圳市南山区高新南一道中科大厦24楼,2003-11,运营中,674400.0,1920000.0,2360000.0,5.23,0.882576,2577,5.0
33793495.0,大东方,无锡商业大厦大东方股份有限公司,91320200703514737E,致力于消费领域的经营和服务,企业服务,综合企业服务,江苏,无锡,无锡市梁溪区中山路343号,1998-01,运营中,37600.0,188000.0,188000.0,31.3,2.47,2577,1.0
33636631.0,贝通信,中贝通信集团股份有限公司,9142010317784054XA,通信网络技术服务提供商,企业服务,企业IT服务,湖北,武汉,武汉市江汉经济开发区江兴路25号 C栋,1999-12,运营中,79700.0,265100.0,330000.0,26.43,1.19,2802,4.0
33406969.0,曙光数创,曙光数据基础设施创新技术(北京)股份有限公司,911101087351280057,数据中心整体解决方案供应商,企业服务,企业IT服务,北京,海淀区,北京市海淀区东北旺西路8号院36号楼5层528室,2002-01,运营中,32800.0,226200.0,114000.0,5.18,1.29,257,2.0
33347449.0,蕾奥规划,深圳市蕾奥规划设计咨询股份有限公司,914403006748035555,城市规划设计及相关研究咨询服务商,企业服务,企业IT服务,广东,深圳,深圳市福田区下梅林一街1号汉沣楼第四、五层(仅限办公),2008-05,运营中,89570.0,309700.0,347850.0,4.42,0.326441,618,3.0
33334534.0,中科曙光,曙光信息产业股份有限公司,91120000783342508F,软件开发和系统集成服务提供商,企业服务,开发者服务,天津,和平区,华苑产业区(环外)海泰华科大街15号1-3层,2006-03,运营中,19000.0,674000.0,50000.0,130.08,19.06,4000,2.0
33284970.0,国子软件,山东国子软件股份有限公司,913701007600280302,应用软件产品研发和行业解决方案提供商,企业服务,行业信息化及解决方案,山东,济南,山东省济南市高新技术产业开发区齐鲁文化创意基地5号楼4单元,2004-03,运营中,34300.0,93000.0,116500.0,2.01,0.582884,750,3.0
33272777.0,华胜天成,北京华胜天成科技股份有限公司,91110000633713190R,IT 综合服务提供商,企业服务,企业IT服务,北京,海淀区,北京市海淀区东北旺西路软件园二期华胜天成科研大楼,1998-11,运营中,41100.0,598000.0,205500.0,40.7,-3.66,5000,1.0
33261339.0,迈拓仪表,迈拓仪表股份有限公司,91320000795354485T,智能计量和智慧水务服务商,企业服务,行业信息化及解决方案,江苏,南京,江苏省南京市江宁滨江经济开发区喜燕路5号,2006-12,运营中,48060.0,200800.0,225300.0,3.58,1.26,433,4.0
32777944.0,天纺标,天纺标检测认证股份有限公司,911200000936119776,产品检测服务提供商,企业服务,科研和社会服务,天津,南开区,天津市南开区鹊桥路25号,2014-04,运营中,23684.0,81500.0,65000.0,1.43,0.363188,428,3.0
32774530.0,中软国际,北京中软国际信息技术有限公司,9111010871774535X9,软件与信息技术服务企业,企业服务,综合企业服务,北京,海淀区,北京市海淀区科学院南路2号C座12层,2000-04,运营中,8000.0,1200000.0,40000.0,176.3,7.34,69976,1.0
32590808.0,博思软件,福建博思软件股份有限公司,91350100731844207Y,财政管理软件公司,企业服务,财税服务,福建,福州,福建省福州市海西高新技术产业园高新大道5号博思软件大厦,2001-09,运营中,65000.0,525700.0,225000.0,15.64,2.84,69976,2.0
32505401.0,三未信安,三未信安科技股份有限公司,91110105679648435P,基于密码技术的云安全服务商,企业服务,行业信息化及解决方案,北京,朝阳区,北京市朝阳区广顺北大街16号院2号楼14层1406室,2008-08,运营中,182000.0,604000.0,755000.0,3.4,1.11,366,3.0
32496188.0,三旺通信,深圳市三旺通信股份有限公司,91440300732050644R,工业互联网解决方案提供商,企业服务,行业信息化及解决方案,广东,深圳,深圳市南山区西丽街道百旺信高科技工业园1区3栋,2001-09,运营中,48000.0,272800.0,215000.0,4.39,1.23,500,3.0
32424180.0,众诚科技,河南众诚信息科技股份有限公司,91410100772178124Q,一家软件开发、信息系统集成服务提供商,企业服务,企业IT服务,河南,郑州,郑州市金水区文化路82号硅谷广场2号楼8层806号,2005-03,运营中,21200.0,62800.0,56000.0,3.77,0.20485,369,2.0
32421143.0,路桥信息,厦门路桥信息股份有限公司,9135020070548149XE,一家交通行业信息化解决方案提供商,企业服务,行业信息化及解决方案,福建,厦门,厦门市软件园三期诚毅大街370号1801单元、1802单元、1803单元、1804单元,2001-07,运营中,25300.0,52300.0,76500.0,2.86,0.387198,501,2.0
32418066.0,盈趣科技,厦门盈趣科技股份有限公司,913502005750038518,民用物联网及工业互联网系统集成服务商,企业服务,其他企业服务,福建,厦门,福建省厦门市火炬高新园区嘉禾路588号,2011-05,运营中,188000.0,1025000.0,845000.0,70.61,12.73,4985,2.0
74529.0,普元信息,普元信息技术股份有限公司,91310000748756174J,软件基础平台与解决方案提供商,企业服务,行业信息化及解决方案,上海,浦东新区,中国(上海)自由贸易试验区碧波路456号4楼;上海市浦东新区中国(上海)自由贸易试验区碧波路456号4楼,2003-03,运营中,76300.0,381000.0,321000.0,4.25,-0.093981,1511,4.0
46560.0,博彦科技,博彦科技股份有限公司,911100001021132178,IT解决方案与服务提供商,企业服务,企业IT服务,北京,海淀区,北京市海淀区西北旺东路10号院东区7号楼博彦科技大厦,1995-04,运营中,68200.0,615000.0,275000.0,55.32,4.8,26487,2.0
46133.0,数据港,上海数据港股份有限公司,91310000697241508E,定制数据中心服务提供商,企业服务,数据服务,上海,静安区,上海市静安区江场三路250号9层901室;上海市静安区江场三路250号9层901室,2009-11,运营中,212300.0,839000.0,846000.0,12.45,1.56,422,3.0
45914.0,宝信软件,上海宝信软件股份有限公司,91310000607280598W,企业信息化解决方案供应商,企业服务,行业信息化及解决方案,上海,浦东新区,上海市浦东新区自由贸易试验区郭守敬路515号,1994-08,运营中,212300.0,7403000.0,7403000.0,129.16,28.2,5714,1.0
43491.0,博睿数据,北京博睿宏远数据科技股份有限公司,91110105672840619D,应用性能管理服务商,企业服务,数据服务,北京,东城区,北京市东城区东中街46号鸿基大厦4层,2008-02,运营中,75100.0,502200.0,365500.0,1.33,-0.925264,483,2.0
43479.0,软通动力,软通动力信息技术(集团)股份有限公司,91110108781703664R,IT服务及行业解决方案提供商,企业服务,企业IT服务,北京,海淀区,北京市海淀区西北旺东路10号院东区16号楼,2005-11,运营中,694200.0,3086700.0,2315000.0,191.04,10.08,60000,10.0
43247.0,兆日科技,深圳兆日科技股份有限公司,91440300748876299E,从事安全芯片及解决方案等商用密码产品,企业服务,企业安全,广东,深圳,广东省深圳市福田区车公庙深业泰然大厦C栋1605室,2003-04,运营中,61148.0,178000.0,150000.0,2.0,0.54111,680,5.0
43198.0,蓝色光标,北京蓝色光标数据科技股份有限公司,91110000744727456H,供品牌管理与营销服务商,企业服务,销售营销,北京,朝阳区,北京市朝阳区酒仙桥北路9号(厂区)10幢二层A5-01;北京市朝阳区酒仙桥北路9号(厂区)10幢二层A5-01,2002-11,运营中,247100.0,170600.0,150000.0,366.83,-22.74,2521,6.0
43177.0,网宿科技,网宿科技股份有限公司,91310000631658829P,提供全球范围内的内容分发与加速,企业服务,行业信息化及解决方案,上海,嘉定区,上海市嘉定区环城路200号,2000-01,运营中,692300.0,2916667.0,1750000.0,50.84,1.94,2846,7.0
43144.0,德必,上海德必文化创意产业发展(集团)股份有限公司,91310000572698184Q,一家文化创意产业发展服务商,企业服务,创业服务,上海,长宁区,中国上海市长宁区安化路492号长宁德必易园A座8楼,2011-04,运营中,134100.0,345000.0,345000.0,7.79,0.415002,461,6.0
42483.0,罗科仕,罗科仕科技(北京)股份有限公司,91110105562144225Q,招聘O2O平台,企业服务,人力资源,北京,朝阳区,北京市朝阳区新东路8号首开铂郡B1-025,2011-05,运营中,23900.0,19500.0,19500.0,0.480876,0.068066,77,3.0
41682.0,辰安科技,北京辰安科技股份有限公司,91110108783233053A,致力于公共安全和应急技术,企业服务,企业安全,北京,海淀区,北京市海淀区丰秀中路3号院1号楼,2005-11,运营中,86300.0,150000.0,150000.0,15.39,-1.59,1938,6.0
41663.0,东华软件,东华软件股份公司,911100007226188818,软件和信息系统解决方案提供商,企业服务,行业信息化及解决方案,北京,海淀区,北京市海淀区知春路紫金数码园东华合创大厦,2001-01,运营中,301900.0,720000.0,720000.0,118.33,4.11,10000,3.0
41034.0,顶点软件,福建顶点软件股份有限公司,91350000260188521B,行业应用解决方案供应商,企业服务,行业信息化及解决方案,福建,福州,福建省福州市软件大道89号福州软件园A区13号;福建省福州市软件大道89号福州软件园A区13号 ,2000-10,运营中,42100.0,200500.0,200500.0,6.25,1.74,1954,2.0
39915.0,安妮股份,厦门安妮股份有限公司,913502002601292498,商务信息用纸研发产销公司,企业服务,办公OA,福建,厦门,福建省厦门市集美区杏林锦园南路99号,1998-09,运营中,28800.0,136500.0,136500.0,3.61,-1.4,308,2.0
39204.0,先进数通,北京先进数通信息技术股份公司,91110108801146341D,软件解决方案及开发服务商,企业服务,行业信息化及解决方案,北京,海淀区,北京市海淀区车道沟1号青东商务区D座4-7层,2000-10,运营中,43300.0,166000.0,166000.0,28.05,1.22,308,3.0
38055.0,万国数据,万国数据服务有限公司,913205947230335351,高可用数据中心基础设施及云平台服务提供商,企业服务,企业IT服务,北京,朝阳区,北京市朝阳区东三环北路甲26号博瑞大厦1008室,2000-09,运营中,1943900.0,2015000.0,2015000.0,100.55,-43,3000,8.0
36915.0,三五互联科技,琏升科技股份有限公司,91350200751642792T,云办公整体解决方案的专业服务提供商,企业服务,综合企业服务,福建,福州,福建省厦门市火炬高新技术产业开发区软件园二期观日路8号一层,2004-04,运营中,45900.0,229500.0,229500.0,2.45,-0.632319,1000,1.0
36459.0,任子行,任子行网络技术股份有限公司,91440300723005104T,网络信息安全服务提供商,企业服务,企业安全,广东,广州,广东省深圳市南山区科技中二路软件园2栋6层,2000-05,运营中,33480.0,150000.0,150000.0,6.5,-0.885978,1116,2.0
21745.0,派诺科技,珠海派诺科技股份有限公司,91440400722914824B,用电和能源管理服务提供商,企业服务,行业信息化及解决方案,广东,珠海,广东省珠海市高新区科技创新海岸科技六路15号派诺科技园,2000-05,运营中,20500.0,90000.0,57500.0,6.13,0.663477,744,4.0
30543.0,用友,用友网络科技股份有限公司,91110000600001760P,企业管理软件提供商,企业服务,综合企业服务,北京,海淀区,北京市海淀区北清路68号用友产业园,1995-01,运营中,621500.0,2649000.0,2649000.0,97.96,-9.1,18000,2.0
29522.0,恒拓开源,恒拓开源信息科技股份有限公司,91120116663065243C,软件开源化技术服务提供商,企业服务,开发者服务,天津,滨海新区,北京市海淀区北清路68号用友产业园,2007-06,运营中,22000.0,96400.0,96400.0,1.79,0.077483,554,3.0
26765.0,凌雄科技,凌雄技术(深圳)有限公司,914403000685577373,IT设备租赁服务提供商,企业服务,企业IT服务,广东,深圳,深圳市福田区车公庙工业区车公庙安华小区厂房5栋,2004-11,运营中,159960.0,208000.0,134800.0,18.21,-1.29,500,9.0
7340.0,天润云, 天润云股份有限公司,91110108785512910D,全周期客户联络云平台服务商,企业服务,客户服务,北京,大兴区,北京亦庄经济技术开发区荣华南路2号院大族广场1号楼29层,2006-02,运营中,76894.0,178880.0,102400.0,4.63,-0.09036,588,5.0
6747.0,初灵信息,杭州初灵信息技术股份有限公司,91330000720048184T,基于云服务的远程物联网应用,企业服务,云服务,浙江,杭州,北京亦庄经济技术开发区荣华南路2号院大族广场1号楼29层,2009-07,运营中,76894.0,316000.0,102400.0,3.61,-1.16,1002,1.0
4211.0,南京云创存储,南京云创大数据科技股份有限公司,91320100567246634N,云计算、云存储技术服务商,企业服务,企业IT服务,江苏,南京,北京亦庄经济技术开发区荣华南路2号院大族广场1号楼29层,2011-03,运营中,40800.0,179900.0,174000.0,4.77,0.728835,1002,2.0
3911.0,中望软件,广州中望龙腾软件股份有限公司,91440101712408557U,CAD/CAM解决方案供应商,企业服务,企业IT服务,广东,广州,广州市天河区珠江西路15号珠江城32层,2013-04,运营中,102100.0,2592000.0,300500.0,6.01,-0.032651,2081,5.0
